-- MySQL dump 10.13  Distrib 8.0.43, for Win64 (x86_64)
--
-- Host: localhost    Database: e_shop
-- ------------------------------------------------------
-- Server version	8.0.43

/*!40101 SET @OLD_CHARACTER_SET_CLIENT=@@CHARACTER_SET_CLIENT */;
/*!40101 SET @OLD_CHARACTER_SET_RESULTS=@@CHARACTER_SET_RESULTS */;
/*!40101 SET @OLD_COLLATION_CONNECTION=@@COLLATION_CONNECTION */;
/*!50503 SET NAMES utf8mb4 */;
/*!40103 SET @OLD_TIME_ZONE=@@TIME_ZONE */;
/*!40103 SET TIME_ZONE='+00:00' */;
/*!40014 SET @OLD_UNIQUE_CHECKS=@@UNIQUE_CHECKS, UNIQUE_CHECKS=0 */;
/*!40014 SET @OLD_FOREIGN_KEY_CHECKS=@@FOREIGN_KEY_CHECKS, FOREIGN_KEY_CHECKS=0 */;
/*!40101 SET @OLD_SQL_MODE=@@SQL_MODE, SQL_MODE='NO_AUTO_VALUE_ON_ZERO' */;
/*!40111 SET @OLD_SQL_NOTES=@@SQL_NOTES, SQL_NOTES=0 */;

--
-- Table structure for table `banners`
--

DROP TABLE IF EXISTS `banners`;
/*!40101 SET @saved_cs_client     = @@character_set_client */;
/*!50503 SET character_set_client = utf8mb4 */;
CREATE TABLE `banners` (
  `id` bigint unsigned NOT NULL AUTO_INCREMENT,
  `title` varchar(191) COLLATE utf8mb4_unicode_ci NOT NULL,
  `slug` varchar(191) COLLATE utf8mb4_unicode_ci NOT NULL,
  `photo` varchar(191) COLLATE utf8mb4_unicode_ci DEFAULT NULL,
  `description` text COLLATE utf8mb4_unicode_ci,
  `status` enum('active','inactive') COLLATE utf8mb4_unicode_ci NOT NULL DEFAULT 'inactive',
  `created_at` timestamp NULL DEFAULT NULL,
  `updated_at` timestamp NULL DEFAULT NULL,
  PRIMARY KEY (`id`),
  UNIQUE KEY `banners_slug_unique` (`slug`)
) ENGINE=InnoDB AUTO_INCREMENT=51 DEFAULT CHARSET=utf8mb4 COLLATE=utf8mb4_unicode_ci;
/*!40101 SET character_set_client = @saved_cs_client */;

--
-- Dumping data for table `banners`
--

LOCK TABLES `banners` WRITE;
/*!40000 ALTER TABLE `banners` DISABLE KEYS */;
INSERT INTO `banners` VALUES (1,'Lorem Ipsum is','lorem-ipsum-is','/storage/photos/1/Banner/banner-01.jpg','<h2><span style=\"font-weight: bold; color: rgb(99, 99, 99);\">Up to 10%</span></h2>','active','2025-09-21 00:11:07','2025-09-21 00:11:07'),(2,'Lorem Ipsum','lorem-ipsum','/storage/photos/1/Banner/banner-07.jpg','<p>Up to 90%</p>','active','2025-09-21 00:11:07','2025-09-21 00:11:07'),(3,'Banner','banner','/storage/photos/1/Banner/banner-06.jpg','<h2><span style=\"color: rgb(156, 0, 255); font-size: 2rem; font-weight: bold;\">Up to 40%</span><br></h2><h2><span style=\"color: rgb(156, 0, 255);\"></span></h2>','active','2025-09-21 00:11:07','2025-09-21 00:11:07');
/*!40000 ALTER TABLE `banners` ENABLE KEYS */;
UNLOCK TABLES;

--
-- Table structure for table `brands`
--

DROP TABLE IF EXISTS `brands`;
/*!40101 SET @saved_cs_client     = @@character_set_client */;
/*!50503 SET character_set_client = utf8mb4 */;
CREATE TABLE `brands` (
  `id` bigint unsigned NOT NULL AUTO_INCREMENT,
  `title` varchar(191) COLLATE utf8mb4_unicode_ci NOT NULL,
  `slug` varchar(191) COLLATE utf8mb4_unicode_ci NOT NULL,
  `status` enum('active','inactive') COLLATE utf8mb4_unicode_ci NOT NULL DEFAULT 'active',
  `created_at` timestamp NULL DEFAULT NULL,
  `updated_at` timestamp NULL DEFAULT NULL,
  PRIMARY KEY (`id`),
  UNIQUE KEY `brands_slug_unique` (`slug`)
) ENGINE=InnoDB AUTO_INCREMENT=51 DEFAULT CHARSET=utf8mb4 COLLATE=utf8mb4_unicode_ci;
/*!40101 SET character_set_client = @saved_cs_client */;

--
-- Dumping data for table `brands`
--

LOCK TABLES `brands` WRITE;
/*!40000 ALTER TABLE `brands` DISABLE KEYS */;
INSERT INTO `brands` VALUES (1,'Thương hiệu 1','thuong-hieu-1','active','2025-09-21 00:11:07','2025-09-21 00:11:07'),(2,'Thương hiệu 2','thuong-hieu-2','active','2025-09-21 00:11:07','2025-09-21 00:11:07'),(3,'Thương hiệu 3','thuong-hieu-3','active','2025-09-21 00:11:07','2025-09-21 00:11:07'),(4,'Thương hiệu 4','thuong-hieu-4','active','2025-09-21 00:11:07','2025-09-21 00:11:07'),(5,'Thương hiệu 5','thuong-hieu-5','active','2025-09-21 00:11:07','2025-09-21 00:11:07'),(6,'Thương hiệu 6','thuong-hieu-6','active','2025-09-21 00:11:07','2025-09-21 00:11:07'),(7,'Thương hiệu 7','thuong-hieu-7','active','2025-09-21 00:11:07','2025-09-21 00:11:07'),(8,'Thương hiệu 8','thuong-hieu-8','active','2025-09-21 00:11:07','2025-09-21 00:11:07'),(9,'Thương hiệu 9','thuong-hieu-9','active','2025-09-21 00:11:07','2025-09-21 00:11:07'),(10,'Thương hiệu 10','thuong-hieu-10','active','2025-09-21 00:11:07','2025-09-21 00:11:07'),(11,'Thương hiệu 11','thuong-hieu-11','active','2025-09-21 00:11:07','2025-09-21 00:11:07'),(12,'Thương hiệu 12','thuong-hieu-12','active','2025-09-21 00:11:07','2025-09-21 00:11:07'),(13,'Thương hiệu 13','thuong-hieu-13','active','2025-09-21 00:11:07','2025-09-21 00:11:07'),(14,'Thương hiệu 14','thuong-hieu-14','active','2025-09-21 00:11:07','2025-09-21 00:11:07'),(15,'Thương hiệu 15','thuong-hieu-15','active','2025-09-21 00:11:07','2025-09-21 00:11:07'),(16,'Thương hiệu 16','thuong-hieu-16','active','2025-09-21 00:11:07','2025-09-21 00:11:07'),(17,'Thương hiệu 17','thuong-hieu-17','active','2025-09-21 00:11:07','2025-09-21 00:11:07'),(18,'Thương hiệu 18','thuong-hieu-18','active','2025-09-21 00:11:07','2025-09-21 00:11:07'),(19,'Thương hiệu 19','thuong-hieu-19','active','2025-09-21 00:11:07','2025-09-21 00:11:07'),(20,'Thương hiệu 20','thuong-hieu-20','active','2025-09-21 00:11:07','2025-09-21 00:11:07'),(21,'Thương hiệu 21','thuong-hieu-21','active','2025-09-21 00:11:07','2025-09-21 00:11:07'),(22,'Thương hiệu 22','thuong-hieu-22','active','2025-09-21 00:11:07','2025-09-21 00:11:07'),(23,'Thương hiệu 23','thuong-hieu-23','active','2025-09-21 00:11:07','2025-09-21 00:11:07'),(24,'Thương hiệu 24','thuong-hieu-24','active','2025-09-21 00:11:07','2025-09-21 00:11:07'),(25,'Thương hiệu 25','thuong-hieu-25','active','2025-09-21 00:11:07','2025-09-21 00:11:07'),(26,'Thương hiệu 26','thuong-hieu-26','active','2025-09-21 00:11:07','2025-09-21 00:11:07'),(27,'Thương hiệu 27','thuong-hieu-27','active','2025-09-21 00:11:07','2025-09-21 00:11:07'),(28,'Thương hiệu 28','thuong-hieu-28','active','2025-09-21 00:11:07','2025-09-21 00:11:07'),(29,'Thương hiệu 29','thuong-hieu-29','active','2025-09-21 00:11:07','2025-09-21 00:11:07'),(30,'Thương hiệu 30','thuong-hieu-30','active','2025-09-21 00:11:07','2025-09-21 00:11:07'),(31,'Thương hiệu 31','thuong-hieu-31','active','2025-09-21 00:11:07','2025-09-21 00:11:07'),(32,'Thương hiệu 32','thuong-hieu-32','active','2025-09-21 00:11:07','2025-09-21 00:11:07'),(33,'Thương hiệu 33','thuong-hieu-33','active','2025-09-21 00:11:07','2025-09-21 00:11:07'),(34,'Thương hiệu 34','thuong-hieu-34','active','2025-09-21 00:11:07','2025-09-21 00:11:07'),(35,'Thương hiệu 35','thuong-hieu-35','active','2025-09-21 00:11:07','2025-09-21 00:11:07'),(36,'Thương hiệu 36','thuong-hieu-36','active','2025-09-21 00:11:07','2025-09-21 00:11:07'),(37,'Thương hiệu 37','thuong-hieu-37','active','2025-09-21 00:11:07','2025-09-21 00:11:07'),(38,'Thương hiệu 38','thuong-hieu-38','active','2025-09-21 00:11:07','2025-09-21 00:11:07'),(39,'Thương hiệu 39','thuong-hieu-39','active','2025-09-21 00:11:07','2025-09-21 00:11:07'),(40,'Thương hiệu 40','thuong-hieu-40','active','2025-09-21 00:11:07','2025-09-21 00:11:07'),(41,'Thương hiệu 41','thuong-hieu-41','active','2025-09-21 00:11:07','2025-09-21 00:11:07'),(42,'Thương hiệu 42','thuong-hieu-42','active','2025-09-21 00:11:07','2025-09-21 00:11:07'),(43,'Thương hiệu 43','thuong-hieu-43','active','2025-09-21 00:11:07','2025-09-21 00:11:07'),(44,'Thương hiệu 44','thuong-hieu-44','active','2025-09-21 00:11:07','2025-09-21 00:11:07'),(45,'Thương hiệu 45','thuong-hieu-45','active','2025-09-21 00:11:07','2025-09-21 00:11:07'),(46,'Thương hiệu 46','thuong-hieu-46','active','2025-09-21 00:11:07','2025-09-21 00:11:07'),(47,'Thương hiệu 47','thuong-hieu-47','active','2025-09-21 00:11:07','2025-09-21 00:11:07'),(48,'Thương hiệu 48','thuong-hieu-48','active','2025-09-21 00:11:07','2025-09-21 00:11:07'),(49,'Thương hiệu 49','thuong-hieu-49','active','2025-09-21 00:11:07','2025-09-21 00:11:07'),(50,'Thương hiệu 50','thuong-hieu-50','active','2025-09-21 00:11:07','2025-09-21 00:11:07');
/*!40000 ALTER TABLE `brands` ENABLE KEYS */;
UNLOCK TABLES;

--
-- Table structure for table `carts`
--

DROP TABLE IF EXISTS `carts`;
/*!40101 SET @saved_cs_client     = @@character_set_client */;
/*!50503 SET character_set_client = utf8mb4 */;
CREATE TABLE `carts` (
  `id` bigint unsigned NOT NULL AUTO_INCREMENT,
  `product_id` bigint unsigned NOT NULL,
  `order_id` bigint unsigned DEFAULT NULL,
  `user_id` bigint unsigned DEFAULT NULL,
  `price` decimal(12,2) unsigned NOT NULL,
  `status` enum('new','progress','delivered','cancel') COLLATE utf8mb4_unicode_ci NOT NULL DEFAULT 'new',
  `quantity` int NOT NULL,
  `amount` decimal(15,2) unsigned NOT NULL,
  `created_at` timestamp NULL DEFAULT NULL,
  `updated_at` timestamp NULL DEFAULT NULL,
  PRIMARY KEY (`id`),
  KEY `carts_product_id_foreign` (`product_id`),
  KEY `carts_user_id_foreign` (`user_id`),
  KEY `carts_order_id_foreign` (`order_id`),
  CONSTRAINT `carts_order_id_foreign` FOREIGN KEY (`order_id`) REFERENCES `orders` (`id`) ON DELETE SET NULL,
  CONSTRAINT `carts_product_id_foreign` FOREIGN KEY (`product_id`) REFERENCES `products` (`id`) ON DELETE CASCADE,
  CONSTRAINT `carts_user_id_foreign` FOREIGN KEY (`user_id`) REFERENCES `users` (`id`) ON DELETE CASCADE
) ENGINE=InnoDB AUTO_INCREMENT=501 DEFAULT CHARSET=utf8mb4 COLLATE=utf8mb4_unicode_ci;
/*!40101 SET character_set_client = @saved_cs_client */;

--
-- Dumping data for table `carts`
--

LOCK TABLES `carts` WRITE;
/*!40000 ALTER TABLE `carts` DISABLE KEYS */;
INSERT INTO `carts` VALUES (1,14,1,1,8325085.00,'new',1,8325085.00,'2025-09-21 00:11:08','2025-09-21 00:11:08'),(2,15,1,1,586860.00,'new',1,586860.00,'2025-09-21 00:11:08','2025-09-21 00:11:08'),(3,46,1,1,7693200.00,'new',5,38466000.00,'2025-09-21 00:11:08','2025-09-21 00:11:08'),(4,9,1,1,4038858.00,'new',1,4038858.00,'2025-09-21 00:11:08','2025-09-21 00:11:08'),(5,48,1,1,4985928.00,'new',2,9971856.00,'2025-09-21 00:11:08','2025-09-21 00:11:08'),(6,27,1,1,7538486.00,'new',5,37692430.00,'2025-09-21 00:11:08','2025-09-21 00:11:08'),(7,20,1,1,166349.00,'new',1,166349.00,'2025-09-21 00:11:08','2025-09-21 00:11:08'),(8,46,1,1,7693200.00,'new',1,7693200.00,'2025-09-21 00:11:08','2025-09-21 00:11:08'),(9,42,1,1,5336732.00,'new',4,21346928.00,'2025-09-21 00:11:08','2025-09-21 00:11:08'),(10,23,1,1,319694.00,'new',1,319694.00,'2025-09-21 00:11:08','2025-09-21 00:11:08'),(11,32,2,2,2096285.00,'new',4,8385140.00,'2025-09-21 00:11:08','2025-09-21 00:11:08'),(12,30,2,2,712329.00,'new',4,2849316.00,'2025-09-21 00:11:08','2025-09-21 00:11:08'),(13,32,2,2,2096285.00,'new',1,2096285.00,'2025-09-21 00:11:08','2025-09-21 00:11:08'),(14,35,2,2,4041279.00,'new',2,8082558.00,'2025-09-21 00:11:08','2025-09-21 00:11:08'),(15,48,2,2,4985928.00,'new',2,9971856.00,'2025-09-21 00:11:08','2025-09-21 00:11:08'),(16,3,2,2,9442739.00,'new',5,47213695.00,'2025-09-21 00:11:08','2025-09-21 00:11:08'),(17,2,2,2,8208058.00,'new',4,32832232.00,'2025-09-21 00:11:08','2025-09-21 00:11:08'),(18,2,2,2,8208058.00,'new',4,32832232.00,'2025-09-21 00:11:08','2025-09-21 00:11:08'),(19,3,2,2,9442739.00,'new',2,18885478.00,'2025-09-21 00:11:08','2025-09-21 00:11:08'),(20,12,2,2,4657481.00,'new',1,4657481.00,'2025-09-21 00:11:08','2025-09-21 00:11:08'),(21,20,3,3,166349.00,'new',2,332698.00,'2025-09-21 00:11:08','2025-09-21 00:11:08'),(22,4,3,3,8296853.00,'new',2,16593706.00,'2025-09-21 00:11:08','2025-09-21 00:11:08'),(23,36,3,3,3541452.00,'new',1,3541452.00,'2025-09-21 00:11:08','2025-09-21 00:11:08'),(24,6,3,3,459568.00,'new',4,1838272.00,'2025-09-21 00:11:08','2025-09-21 00:11:08'),(25,30,3,3,712329.00,'new',1,712329.00,'2025-09-21 00:11:08','2025-09-21 00:11:08'),(26,31,3,3,2160331.00,'new',5,10801655.00,'2025-09-21 00:11:08','2025-09-21 00:11:08'),(27,25,3,3,2829185.00,'new',3,8487555.00,'2025-09-21 00:11:08','2025-09-21 00:11:08'),(28,15,3,3,586860.00,'new',4,2347440.00,'2025-09-21 00:11:08','2025-09-21 00:11:08'),(29,3,3,3,9442739.00,'new',1,9442739.00,'2025-09-21 00:11:08','2025-09-21 00:11:08'),(30,13,3,3,9669214.00,'new',4,38676856.00,'2025-09-21 00:11:08','2025-09-21 00:11:08'),(31,1,4,4,8624097.00,'new',4,34496388.00,'2025-09-21 00:11:08','2025-09-21 00:11:08'),(32,21,4,4,3956525.00,'new',4,15826100.00,'2025-09-21 00:11:08','2025-09-21 00:11:08'),(33,7,4,4,885134.00,'new',1,885134.00,'2025-09-21 00:11:08','2025-09-21 00:11:08'),(34,37,4,4,4123292.00,'new',2,8246584.00,'2025-09-21 00:11:08','2025-09-21 00:11:08'),(35,34,4,4,2255788.00,'new',2,4511576.00,'2025-09-21 00:11:08','2025-09-21 00:11:08'),(36,28,4,4,3994195.00,'new',2,7988390.00,'2025-09-21 00:11:08','2025-09-21 00:11:08'),(37,15,4,4,586860.00,'new',5,2934300.00,'2025-09-21 00:11:08','2025-09-21 00:11:08'),(38,39,4,4,5669825.00,'new',1,5669825.00,'2025-09-21 00:11:08','2025-09-21 00:11:08'),(39,11,4,4,6257091.00,'new',3,18771273.00,'2025-09-21 00:11:08','2025-09-21 00:11:08'),(40,25,4,4,2829185.00,'new',2,5658370.00,'2025-09-21 00:11:08','2025-09-21 00:11:08'),(41,5,5,5,9417365.00,'new',2,18834730.00,'2025-09-21 00:11:08','2025-09-21 00:11:08'),(42,23,5,5,319694.00,'new',1,319694.00,'2025-09-21 00:11:08','2025-09-21 00:11:08'),(43,27,5,5,7538486.00,'new',2,15076972.00,'2025-09-21 00:11:08','2025-09-21 00:11:08'),(44,37,5,5,4123292.00,'new',2,8246584.00,'2025-09-21 00:11:08','2025-09-21 00:11:08'),(45,33,5,5,5077836.00,'new',3,15233508.00,'2025-09-21 00:11:08','2025-09-21 00:11:08'),(46,29,5,5,5515008.00,'new',5,27575040.00,'2025-09-21 00:11:08','2025-09-21 00:11:08'),(47,2,5,5,8208058.00,'new',3,24624174.00,'2025-09-21 00:11:08','2025-09-21 00:11:08'),(48,30,5,5,712329.00,'new',3,2136987.00,'2025-09-21 00:11:08','2025-09-21 00:11:08'),(49,7,5,5,885134.00,'new',4,3540536.00,'2025-09-21 00:11:08','2025-09-21 00:11:08'),(50,17,5,5,6805547.00,'new',2,13611094.00,'2025-09-21 00:11:08','2025-09-21 00:11:08'),(51,25,6,6,2829185.00,'new',1,2829185.00,'2025-09-21 00:11:08','2025-09-21 00:11:08'),(52,34,6,6,2255788.00,'new',2,4511576.00,'2025-09-21 00:11:08','2025-09-21 00:11:08'),(53,33,6,6,5077836.00,'new',4,20311344.00,'2025-09-21 00:11:08','2025-09-21 00:11:08'),(54,13,6,6,9669214.00,'new',5,48346070.00,'2025-09-21 00:11:08','2025-09-21 00:11:08'),(55,26,6,6,8435907.00,'new',3,25307721.00,'2025-09-21 00:11:08','2025-09-21 00:11:08'),(56,9,6,6,4038858.00,'new',5,20194290.00,'2025-09-21 00:11:08','2025-09-21 00:11:08'),(57,8,6,6,6258124.00,'new',4,25032496.00,'2025-09-21 00:11:08','2025-09-21 00:11:08'),(58,47,6,6,166940.00,'new',4,667760.00,'2025-09-21 00:11:08','2025-09-21 00:11:08'),(59,37,6,6,4123292.00,'new',1,4123292.00,'2025-09-21 00:11:08','2025-09-21 00:11:08'),(60,43,6,6,6687291.00,'new',4,26749164.00,'2025-09-21 00:11:08','2025-09-21 00:11:08'),(61,47,7,7,166940.00,'new',2,333880.00,'2025-09-21 00:11:08','2025-09-21 00:11:08'),(62,43,7,7,6687291.00,'new',5,33436455.00,'2025-09-21 00:11:08','2025-09-21 00:11:08'),(63,4,7,7,8296853.00,'new',3,24890559.00,'2025-09-21 00:11:08','2025-09-21 00:11:08'),(64,15,7,7,586860.00,'new',2,1173720.00,'2025-09-21 00:11:08','2025-09-21 00:11:08'),(65,17,7,7,6805547.00,'new',2,13611094.00,'2025-09-21 00:11:08','2025-09-21 00:11:08'),(66,38,7,7,9928240.00,'new',4,39712960.00,'2025-09-21 00:11:08','2025-09-21 00:11:08'),(67,34,7,7,2255788.00,'new',5,11278940.00,'2025-09-21 00:11:08','2025-09-21 00:11:08'),(68,2,7,7,8208058.00,'new',1,8208058.00,'2025-09-21 00:11:08','2025-09-21 00:11:08'),(69,28,7,7,3994195.00,'new',3,11982585.00,'2025-09-21 00:11:08','2025-09-21 00:11:08'),(70,6,7,7,459568.00,'new',5,2297840.00,'2025-09-21 00:11:08','2025-09-21 00:11:08'),(71,16,8,8,6117398.00,'new',4,24469592.00,'2025-09-21 00:11:09','2025-09-21 00:11:09'),(72,34,8,8,2255788.00,'new',4,9023152.00,'2025-09-21 00:11:09','2025-09-21 00:11:09'),(73,35,8,8,4041279.00,'new',3,12123837.00,'2025-09-21 00:11:09','2025-09-21 00:11:09'),(74,20,8,8,166349.00,'new',4,665396.00,'2025-09-21 00:11:09','2025-09-21 00:11:09'),(75,21,8,8,3956525.00,'new',4,15826100.00,'2025-09-21 00:11:09','2025-09-21 00:11:09'),(76,29,8,8,5515008.00,'new',3,16545024.00,'2025-09-21 00:11:09','2025-09-21 00:11:09'),(77,29,8,8,5515008.00,'new',1,5515008.00,'2025-09-21 00:11:09','2025-09-21 00:11:09'),(78,31,8,8,2160331.00,'new',4,8641324.00,'2025-09-21 00:11:09','2025-09-21 00:11:09'),(79,44,8,8,2818351.00,'new',4,11273404.00,'2025-09-21 00:11:09','2025-09-21 00:11:09'),(80,30,8,8,712329.00,'new',2,1424658.00,'2025-09-21 00:11:09','2025-09-21 00:11:09'),(81,47,9,9,166940.00,'new',4,667760.00,'2025-09-21 00:11:09','2025-09-21 00:11:09'),(82,23,9,9,319694.00,'new',1,319694.00,'2025-09-21 00:11:09','2025-09-21 00:11:09'),(83,33,9,9,5077836.00,'new',3,15233508.00,'2025-09-21 00:11:09','2025-09-21 00:11:09'),(84,26,9,9,8435907.00,'new',5,42179535.00,'2025-09-21 00:11:09','2025-09-21 00:11:09'),(85,26,9,9,8435907.00,'new',5,42179535.00,'2025-09-21 00:11:09','2025-09-21 00:11:09'),(86,14,9,9,8325085.00,'new',1,8325085.00,'2025-09-21 00:11:09','2025-09-21 00:11:09'),(87,37,9,9,4123292.00,'new',1,4123292.00,'2025-09-21 00:11:09','2025-09-21 00:11:09'),(88,25,9,9,2829185.00,'new',5,14145925.00,'2025-09-21 00:11:09','2025-09-21 00:11:09'),(89,31,9,9,2160331.00,'new',1,2160331.00,'2025-09-21 00:11:09','2025-09-21 00:11:09'),(90,19,9,9,6525684.00,'new',1,6525684.00,'2025-09-21 00:11:09','2025-09-21 00:11:09'),(91,44,10,10,2818351.00,'new',1,2818351.00,'2025-09-21 00:11:09','2025-09-21 00:11:09'),(92,48,10,10,4985928.00,'new',5,24929640.00,'2025-09-21 00:11:09','2025-09-21 00:11:09'),(93,30,10,10,712329.00,'new',3,2136987.00,'2025-09-21 00:11:09','2025-09-21 00:11:09'),(94,9,10,10,4038858.00,'new',2,8077716.00,'2025-09-21 00:11:09','2025-09-21 00:11:09'),(95,33,10,10,5077836.00,'new',2,10155672.00,'2025-09-21 00:11:09','2025-09-21 00:11:09'),(96,40,10,10,1422831.00,'new',4,5691324.00,'2025-09-21 00:11:09','2025-09-21 00:11:09'),(97,43,10,10,6687291.00,'new',1,6687291.00,'2025-09-21 00:11:09','2025-09-21 00:11:09'),(98,23,10,10,319694.00,'new',2,639388.00,'2025-09-21 00:11:09','2025-09-21 00:11:09'),(99,6,10,10,459568.00,'new',4,1838272.00,'2025-09-21 00:11:09','2025-09-21 00:11:09'),(100,26,10,10,8435907.00,'new',4,33743628.00,'2025-09-21 00:11:09','2025-09-21 00:11:09'),(101,22,11,11,629335.00,'new',1,629335.00,'2025-09-21 00:11:09','2025-09-21 00:11:09'),(102,49,11,11,7952200.00,'new',2,15904400.00,'2025-09-21 00:11:09','2025-09-21 00:11:09'),(103,23,11,11,319694.00,'new',3,959082.00,'2025-09-21 00:11:09','2025-09-21 00:11:09'),(104,47,11,11,166940.00,'new',1,166940.00,'2025-09-21 00:11:09','2025-09-21 00:11:09'),(105,6,11,11,459568.00,'new',2,919136.00,'2025-09-21 00:11:09','2025-09-21 00:11:09'),(106,12,11,11,4657481.00,'new',1,4657481.00,'2025-09-21 00:11:09','2025-09-21 00:11:09'),(107,8,11,11,6258124.00,'new',4,25032496.00,'2025-09-21 00:11:09','2025-09-21 00:11:09'),(108,48,11,11,4985928.00,'new',2,9971856.00,'2025-09-21 00:11:09','2025-09-21 00:11:09'),(109,23,11,11,319694.00,'new',3,959082.00,'2025-09-21 00:11:09','2025-09-21 00:11:09'),(110,13,11,11,9669214.00,'new',1,9669214.00,'2025-09-21 00:11:09','2025-09-21 00:11:09'),(111,5,12,12,9417365.00,'new',1,9417365.00,'2025-09-21 00:11:09','2025-09-21 00:11:09'),(112,25,12,12,2829185.00,'new',2,5658370.00,'2025-09-21 00:11:09','2025-09-21 00:11:09'),(113,19,12,12,6525684.00,'new',2,13051368.00,'2025-09-21 00:11:09','2025-09-21 00:11:09'),(114,20,12,12,166349.00,'new',4,665396.00,'2025-09-21 00:11:09','2025-09-21 00:11:09'),(115,23,12,12,319694.00,'new',1,319694.00,'2025-09-21 00:11:09','2025-09-21 00:11:09'),(116,42,12,12,5336732.00,'new',2,10673464.00,'2025-09-21 00:11:09','2025-09-21 00:11:09'),(117,9,12,12,4038858.00,'new',5,20194290.00,'2025-09-21 00:11:09','2025-09-21 00:11:09'),(118,6,12,12,459568.00,'new',4,1838272.00,'2025-09-21 00:11:09','2025-09-21 00:11:09'),(119,4,12,12,8296853.00,'new',5,41484265.00,'2025-09-21 00:11:09','2025-09-21 00:11:09'),(120,31,12,12,2160331.00,'new',5,10801655.00,'2025-09-21 00:11:09','2025-09-21 00:11:09'),(121,33,13,13,5077836.00,'new',5,25389180.00,'2025-09-21 00:11:09','2025-09-21 00:11:09'),(122,16,13,13,6117398.00,'new',4,24469592.00,'2025-09-21 00:11:09','2025-09-21 00:11:09'),(123,22,13,13,629335.00,'new',2,1258670.00,'2025-09-21 00:11:09','2025-09-21 00:11:09'),(124,12,13,13,4657481.00,'new',4,18629924.00,'2025-09-21 00:11:09','2025-09-21 00:11:09'),(125,29,13,13,5515008.00,'new',5,27575040.00,'2025-09-21 00:11:09','2025-09-21 00:11:09'),(126,11,13,13,6257091.00,'new',2,12514182.00,'2025-09-21 00:11:09','2025-09-21 00:11:09'),(127,44,13,13,2818351.00,'new',2,5636702.00,'2025-09-21 00:11:09','2025-09-21 00:11:09'),(128,47,13,13,166940.00,'new',5,834700.00,'2025-09-21 00:11:09','2025-09-21 00:11:09'),(129,14,13,13,8325085.00,'new',3,24975255.00,'2025-09-21 00:11:09','2025-09-21 00:11:09'),(130,13,13,13,9669214.00,'new',5,48346070.00,'2025-09-21 00:11:09','2025-09-21 00:11:09'),(131,36,14,14,3541452.00,'new',1,3541452.00,'2025-09-21 00:11:09','2025-09-21 00:11:09'),(132,33,14,14,5077836.00,'new',4,20311344.00,'2025-09-21 00:11:09','2025-09-21 00:11:09'),(133,19,14,14,6525684.00,'new',5,32628420.00,'2025-09-21 00:11:09','2025-09-21 00:11:09'),(134,50,14,14,1078451.00,'new',2,2156902.00,'2025-09-21 00:11:09','2025-09-21 00:11:09'),(135,1,14,14,8624097.00,'new',1,8624097.00,'2025-09-21 00:11:09','2025-09-21 00:11:09'),(136,14,14,14,8325085.00,'new',2,16650170.00,'2025-09-21 00:11:09','2025-09-21 00:11:09'),(137,29,14,14,5515008.00,'new',1,5515008.00,'2025-09-21 00:11:09','2025-09-21 00:11:09'),(138,14,14,14,8325085.00,'new',3,24975255.00,'2025-09-21 00:11:09','2025-09-21 00:11:09'),(139,19,14,14,6525684.00,'new',4,26102736.00,'2025-09-21 00:11:09','2025-09-21 00:11:09'),(140,4,14,14,8296853.00,'new',5,41484265.00,'2025-09-21 00:11:09','2025-09-21 00:11:09'),(141,12,15,15,4657481.00,'new',2,9314962.00,'2025-09-21 00:11:09','2025-09-21 00:11:09'),(142,32,15,15,2096285.00,'new',4,8385140.00,'2025-09-21 00:11:09','2025-09-21 00:11:09'),(143,40,15,15,1422831.00,'new',1,1422831.00,'2025-09-21 00:11:09','2025-09-21 00:11:09'),(144,42,15,15,5336732.00,'new',3,16010196.00,'2025-09-21 00:11:09','2025-09-21 00:11:09'),(145,25,15,15,2829185.00,'new',2,5658370.00,'2025-09-21 00:11:09','2025-09-21 00:11:09'),(146,45,15,15,8244106.00,'new',5,41220530.00,'2025-09-21 00:11:09','2025-09-21 00:11:09'),(147,43,15,15,6687291.00,'new',1,6687291.00,'2025-09-21 00:11:09','2025-09-21 00:11:09'),(148,39,15,15,5669825.00,'new',2,11339650.00,'2025-09-21 00:11:09','2025-09-21 00:11:09'),(149,44,15,15,2818351.00,'new',3,8455053.00,'2025-09-21 00:11:09','2025-09-21 00:11:09'),(150,14,15,15,8325085.00,'new',5,41625425.00,'2025-09-21 00:11:09','2025-09-21 00:11:09'),(151,21,16,16,3956525.00,'new',5,19782625.00,'2025-09-21 00:11:09','2025-09-21 00:11:09'),(152,19,16,16,6525684.00,'new',1,6525684.00,'2025-09-21 00:11:09','2025-09-21 00:11:09'),(153,24,16,16,6302917.00,'new',2,12605834.00,'2025-09-21 00:11:09','2025-09-21 00:11:09'),(154,11,16,16,6257091.00,'new',3,18771273.00,'2025-09-21 00:11:09','2025-09-21 00:11:09'),(155,40,16,16,1422831.00,'new',1,1422831.00,'2025-09-21 00:11:09','2025-09-21 00:11:09'),(156,38,16,16,9928240.00,'new',1,9928240.00,'2025-09-21 00:11:09','2025-09-21 00:11:09'),(157,1,16,16,8624097.00,'new',3,25872291.00,'2025-09-21 00:11:09','2025-09-21 00:11:09'),(158,25,16,16,2829185.00,'new',1,2829185.00,'2025-09-21 00:11:09','2025-09-21 00:11:09'),(159,17,16,16,6805547.00,'new',2,13611094.00,'2025-09-21 00:11:09','2025-09-21 00:11:09'),(160,9,16,16,4038858.00,'new',4,16155432.00,'2025-09-21 00:11:09','2025-09-21 00:11:09'),(161,38,17,17,9928240.00,'new',4,39712960.00,'2025-09-21 00:11:09','2025-09-21 00:11:09'),(162,16,17,17,6117398.00,'new',1,6117398.00,'2025-09-21 00:11:09','2025-09-21 00:11:09'),(163,9,17,17,4038858.00,'new',1,4038858.00,'2025-09-21 00:11:09','2025-09-21 00:11:09'),(164,27,17,17,7538486.00,'new',2,15076972.00,'2025-09-21 00:11:09','2025-09-21 00:11:09'),(165,1,17,17,8624097.00,'new',2,17248194.00,'2025-09-21 00:11:09','2025-09-21 00:11:09'),(166,30,17,17,712329.00,'new',4,2849316.00,'2025-09-21 00:11:09','2025-09-21 00:11:09'),(167,37,17,17,4123292.00,'new',4,16493168.00,'2025-09-21 00:11:09','2025-09-21 00:11:09'),(168,7,17,17,885134.00,'new',1,885134.00,'2025-09-21 00:11:09','2025-09-21 00:11:09'),(169,11,17,17,6257091.00,'new',5,31285455.00,'2025-09-21 00:11:09','2025-09-21 00:11:09'),(170,36,17,17,3541452.00,'new',1,3541452.00,'2025-09-21 00:11:09','2025-09-21 00:11:09'),(171,46,18,18,7693200.00,'new',1,7693200.00,'2025-09-21 00:11:09','2025-09-21 00:11:09'),(172,19,18,18,6525684.00,'new',2,13051368.00,'2025-09-21 00:11:09','2025-09-21 00:11:09'),(173,32,18,18,2096285.00,'new',5,10481425.00,'2025-09-21 00:11:09','2025-09-21 00:11:09'),(174,8,18,18,6258124.00,'new',5,31290620.00,'2025-09-21 00:11:09','2025-09-21 00:11:09'),(175,47,18,18,166940.00,'new',3,500820.00,'2025-09-21 00:11:09','2025-09-21 00:11:09'),(176,5,18,18,9417365.00,'new',4,37669460.00,'2025-09-21 00:11:09','2025-09-21 00:11:09'),(177,12,18,18,4657481.00,'new',1,4657481.00,'2025-09-21 00:11:09','2025-09-21 00:11:09'),(178,35,18,18,4041279.00,'new',3,12123837.00,'2025-09-21 00:11:09','2025-09-21 00:11:09'),(179,40,18,18,1422831.00,'new',2,2845662.00,'2025-09-21 00:11:09','2025-09-21 00:11:09'),(180,14,18,18,8325085.00,'new',3,24975255.00,'2025-09-21 00:11:09','2025-09-21 00:11:09'),(181,40,19,19,1422831.00,'new',4,5691324.00,'2025-09-21 00:11:09','2025-09-21 00:11:09'),(182,1,19,19,8624097.00,'new',4,34496388.00,'2025-09-21 00:11:09','2025-09-21 00:11:09'),(183,31,19,19,2160331.00,'new',5,10801655.00,'2025-09-21 00:11:09','2025-09-21 00:11:09'),(184,15,19,19,586860.00,'new',3,1760580.00,'2025-09-21 00:11:09','2025-09-21 00:11:09'),(185,13,19,19,9669214.00,'new',4,38676856.00,'2025-09-21 00:11:09','2025-09-21 00:11:09'),(186,5,19,19,9417365.00,'new',5,47086825.00,'2025-09-21 00:11:09','2025-09-21 00:11:09'),(187,29,19,19,5515008.00,'new',2,11030016.00,'2025-09-21 00:11:09','2025-09-21 00:11:09'),(188,23,19,19,319694.00,'new',1,319694.00,'2025-09-21 00:11:09','2025-09-21 00:11:09'),(189,16,19,19,6117398.00,'new',5,30586990.00,'2025-09-21 00:11:09','2025-09-21 00:11:09'),(190,9,19,19,4038858.00,'new',1,4038858.00,'2025-09-21 00:11:09','2025-09-21 00:11:09'),(191,16,20,20,6117398.00,'new',4,24469592.00,'2025-09-21 00:11:09','2025-09-21 00:11:09'),(192,14,20,20,8325085.00,'new',4,33300340.00,'2025-09-21 00:11:09','2025-09-21 00:11:09'),(193,30,20,20,712329.00,'new',1,712329.00,'2025-09-21 00:11:09','2025-09-21 00:11:09'),(194,19,20,20,6525684.00,'new',2,13051368.00,'2025-09-21 00:11:09','2025-09-21 00:11:09'),(195,14,20,20,8325085.00,'new',4,33300340.00,'2025-09-21 00:11:09','2025-09-21 00:11:09'),(196,38,20,20,9928240.00,'new',2,19856480.00,'2025-09-21 00:11:09','2025-09-21 00:11:09'),(197,31,20,20,2160331.00,'new',1,2160331.00,'2025-09-21 00:11:09','2025-09-21 00:11:09'),(198,47,20,20,166940.00,'new',2,333880.00,'2025-09-21 00:11:09','2025-09-21 00:11:09'),(199,45,20,20,8244106.00,'new',5,41220530.00,'2025-09-21 00:11:09','2025-09-21 00:11:09'),(200,28,20,20,3994195.00,'new',5,19970975.00,'2025-09-21 00:11:09','2025-09-21 00:11:09'),(201,15,21,21,586860.00,'new',2,1173720.00,'2025-09-21 00:11:09','2025-09-21 00:11:09'),(202,27,21,21,7538486.00,'new',3,22615458.00,'2025-09-21 00:11:09','2025-09-21 00:11:09'),(203,25,21,21,2829185.00,'new',3,8487555.00,'2025-09-21 00:11:09','2025-09-21 00:11:09'),(204,33,21,21,5077836.00,'new',2,10155672.00,'2025-09-21 00:11:09','2025-09-21 00:11:09'),(205,15,21,21,586860.00,'new',4,2347440.00,'2025-09-21 00:11:09','2025-09-21 00:11:09'),(206,13,21,21,9669214.00,'new',3,29007642.00,'2025-09-21 00:11:09','2025-09-21 00:11:09'),(207,45,21,21,8244106.00,'new',5,41220530.00,'2025-09-21 00:11:09','2025-09-21 00:11:09'),(208,37,21,21,4123292.00,'new',5,20616460.00,'2025-09-21 00:11:09','2025-09-21 00:11:09'),(209,5,21,21,9417365.00,'new',3,28252095.00,'2025-09-21 00:11:09','2025-09-21 00:11:09'),(210,11,21,21,6257091.00,'new',2,12514182.00,'2025-09-21 00:11:09','2025-09-21 00:11:09'),(211,15,22,22,586860.00,'new',4,2347440.00,'2025-09-21 00:11:09','2025-09-21 00:11:09'),(212,5,22,22,9417365.00,'new',5,47086825.00,'2025-09-21 00:11:09','2025-09-21 00:11:09'),(213,30,22,22,712329.00,'new',3,2136987.00,'2025-09-21 00:11:09','2025-09-21 00:11:09'),(214,21,22,22,3956525.00,'new',2,7913050.00,'2025-09-21 00:11:09','2025-09-21 00:11:09'),(215,3,22,22,9442739.00,'new',3,28328217.00,'2025-09-21 00:11:09','2025-09-21 00:11:09'),(216,10,22,22,9637076.00,'new',1,9637076.00,'2025-09-21 00:11:09','2025-09-21 00:11:09'),(217,36,22,22,3541452.00,'new',3,10624356.00,'2025-09-21 00:11:09','2025-09-21 00:11:09'),(218,7,22,22,885134.00,'new',4,3540536.00,'2025-09-21 00:11:09','2025-09-21 00:11:09'),(219,7,22,22,885134.00,'new',4,3540536.00,'2025-09-21 00:11:09','2025-09-21 00:11:09'),(220,3,22,22,9442739.00,'new',1,9442739.00,'2025-09-21 00:11:09','2025-09-21 00:11:09'),(221,7,23,23,885134.00,'new',4,3540536.00,'2025-09-21 00:11:09','2025-09-21 00:11:09'),(222,38,23,23,9928240.00,'new',1,9928240.00,'2025-09-21 00:11:09','2025-09-21 00:11:09'),(223,18,23,23,5342585.00,'new',4,21370340.00,'2025-09-21 00:11:09','2025-09-21 00:11:09'),(224,43,23,23,6687291.00,'new',4,26749164.00,'2025-09-21 00:11:09','2025-09-21 00:11:09'),(225,21,23,23,3956525.00,'new',5,19782625.00,'2025-09-21 00:11:09','2025-09-21 00:11:09'),(226,29,23,23,5515008.00,'new',5,27575040.00,'2025-09-21 00:11:09','2025-09-21 00:11:09'),(227,7,23,23,885134.00,'new',2,1770268.00,'2025-09-21 00:11:09','2025-09-21 00:11:09'),(228,47,23,23,166940.00,'new',2,333880.00,'2025-09-21 00:11:09','2025-09-21 00:11:09'),(229,13,23,23,9669214.00,'new',4,38676856.00,'2025-09-21 00:11:09','2025-09-21 00:11:09'),(230,29,23,23,5515008.00,'new',5,27575040.00,'2025-09-21 00:11:09','2025-09-21 00:11:09'),(231,46,24,24,7693200.00,'new',1,7693200.00,'2025-09-21 00:11:09','2025-09-21 00:11:09'),(232,23,24,24,319694.00,'new',2,639388.00,'2025-09-21 00:11:09','2025-09-21 00:11:09'),(233,25,24,24,2829185.00,'new',5,14145925.00,'2025-09-21 00:11:09','2025-09-21 00:11:09'),(234,50,24,24,1078451.00,'new',3,3235353.00,'2025-09-21 00:11:09','2025-09-21 00:11:09'),(235,39,24,24,5669825.00,'new',3,17009475.00,'2025-09-21 00:11:09','2025-09-21 00:11:09'),(236,43,24,24,6687291.00,'new',4,26749164.00,'2025-09-21 00:11:09','2025-09-21 00:11:09'),(237,34,24,24,2255788.00,'new',1,2255788.00,'2025-09-21 00:11:09','2025-09-21 00:11:09'),(238,19,24,24,6525684.00,'new',5,32628420.00,'2025-09-21 00:11:09','2025-09-21 00:11:09'),(239,22,24,24,629335.00,'new',5,3146675.00,'2025-09-21 00:11:09','2025-09-21 00:11:09'),(240,8,24,24,6258124.00,'new',1,6258124.00,'2025-09-21 00:11:09','2025-09-21 00:11:09'),(241,22,25,25,629335.00,'new',2,1258670.00,'2025-09-21 00:11:09','2025-09-21 00:11:09'),(242,46,25,25,7693200.00,'new',4,30772800.00,'2025-09-21 00:11:09','2025-09-21 00:11:09'),(243,29,25,25,5515008.00,'new',1,5515008.00,'2025-09-21 00:11:09','2025-09-21 00:11:09'),(244,15,25,25,586860.00,'new',3,1760580.00,'2025-09-21 00:11:09','2025-09-21 00:11:09'),(245,10,25,25,9637076.00,'new',2,19274152.00,'2025-09-21 00:11:09','2025-09-21 00:11:09'),(246,19,25,25,6525684.00,'new',4,26102736.00,'2025-09-21 00:11:09','2025-09-21 00:11:09'),(247,13,25,25,9669214.00,'new',1,9669214.00,'2025-09-21 00:11:09','2025-09-21 00:11:09'),(248,21,25,25,3956525.00,'new',4,15826100.00,'2025-09-21 00:11:09','2025-09-21 00:11:09'),(249,19,25,25,6525684.00,'new',1,6525684.00,'2025-09-21 00:11:09','2025-09-21 00:11:09'),(250,47,25,25,166940.00,'new',5,834700.00,'2025-09-21 00:11:09','2025-09-21 00:11:09'),(251,6,26,26,459568.00,'new',5,2297840.00,'2025-09-21 00:11:09','2025-09-21 00:11:09'),(252,47,26,26,166940.00,'new',4,667760.00,'2025-09-21 00:11:09','2025-09-21 00:11:09'),(253,20,26,26,166349.00,'new',2,332698.00,'2025-09-21 00:11:09','2025-09-21 00:11:09'),(254,46,26,26,7693200.00,'new',2,15386400.00,'2025-09-21 00:11:09','2025-09-21 00:11:09'),(255,23,26,26,319694.00,'new',2,639388.00,'2025-09-21 00:11:09','2025-09-21 00:11:09'),(256,32,26,26,2096285.00,'new',3,6288855.00,'2025-09-21 00:11:09','2025-09-21 00:11:09'),(257,6,26,26,459568.00,'new',2,919136.00,'2025-09-21 00:11:09','2025-09-21 00:11:09'),(258,45,26,26,8244106.00,'new',3,24732318.00,'2025-09-21 00:11:09','2025-09-21 00:11:09'),(259,7,26,26,885134.00,'new',2,1770268.00,'2025-09-21 00:11:09','2025-09-21 00:11:09'),(260,34,26,26,2255788.00,'new',5,11278940.00,'2025-09-21 00:11:09','2025-09-21 00:11:09'),(261,34,27,27,2255788.00,'new',1,2255788.00,'2025-09-21 00:11:09','2025-09-21 00:11:09'),(262,5,27,27,9417365.00,'new',1,9417365.00,'2025-09-21 00:11:09','2025-09-21 00:11:09'),(263,28,27,27,3994195.00,'new',2,7988390.00,'2025-09-21 00:11:09','2025-09-21 00:11:09'),(264,11,27,27,6257091.00,'new',3,18771273.00,'2025-09-21 00:11:09','2025-09-21 00:11:09'),(265,6,27,27,459568.00,'new',3,1378704.00,'2025-09-21 00:11:09','2025-09-21 00:11:09'),(266,40,27,27,1422831.00,'new',4,5691324.00,'2025-09-21 00:11:09','2025-09-21 00:11:09'),(267,13,27,27,9669214.00,'new',2,19338428.00,'2025-09-21 00:11:09','2025-09-21 00:11:09'),(268,12,27,27,4657481.00,'new',5,23287405.00,'2025-09-21 00:11:09','2025-09-21 00:11:09'),(269,35,27,27,4041279.00,'new',1,4041279.00,'2025-09-21 00:11:09','2025-09-21 00:11:09'),(270,16,27,27,6117398.00,'new',1,6117398.00,'2025-09-21 00:11:09','2025-09-21 00:11:09'),(271,14,28,28,8325085.00,'new',5,41625425.00,'2025-09-21 00:11:09','2025-09-21 00:11:09'),(272,24,28,28,6302917.00,'new',4,25211668.00,'2025-09-21 00:11:09','2025-09-21 00:11:09'),(273,9,28,28,4038858.00,'new',5,20194290.00,'2025-09-21 00:11:09','2025-09-21 00:11:09'),(274,25,28,28,2829185.00,'new',5,14145925.00,'2025-09-21 00:11:09','2025-09-21 00:11:09'),(275,50,28,28,1078451.00,'new',2,2156902.00,'2025-09-21 00:11:09','2025-09-21 00:11:09'),(276,40,28,28,1422831.00,'new',1,1422831.00,'2025-09-21 00:11:09','2025-09-21 00:11:09'),(277,28,28,28,3994195.00,'new',3,11982585.00,'2025-09-21 00:11:09','2025-09-21 00:11:09'),(278,33,28,28,5077836.00,'new',1,5077836.00,'2025-09-21 00:11:09','2025-09-21 00:11:09'),(279,21,28,28,3956525.00,'new',4,15826100.00,'2025-09-21 00:11:09','2025-09-21 00:11:09'),(280,25,28,28,2829185.00,'new',5,14145925.00,'2025-09-21 00:11:09','2025-09-21 00:11:09'),(281,12,29,29,4657481.00,'new',1,4657481.00,'2025-09-21 00:11:09','2025-09-21 00:11:09'),(282,8,29,29,6258124.00,'new',4,25032496.00,'2025-09-21 00:11:09','2025-09-21 00:11:09'),(283,11,29,29,6257091.00,'new',5,31285455.00,'2025-09-21 00:11:09','2025-09-21 00:11:09'),(284,28,29,29,3994195.00,'new',2,7988390.00,'2025-09-21 00:11:09','2025-09-21 00:11:09'),(285,44,29,29,2818351.00,'new',2,5636702.00,'2025-09-21 00:11:09','2025-09-21 00:11:09'),(286,6,29,29,459568.00,'new',3,1378704.00,'2025-09-21 00:11:09','2025-09-21 00:11:09'),(287,24,29,29,6302917.00,'new',5,31514585.00,'2025-09-21 00:11:09','2025-09-21 00:11:09'),(288,44,29,29,2818351.00,'new',5,14091755.00,'2025-09-21 00:11:09','2025-09-21 00:11:09'),(289,34,29,29,2255788.00,'new',5,11278940.00,'2025-09-21 00:11:09','2025-09-21 00:11:09'),(290,11,29,29,6257091.00,'new',3,18771273.00,'2025-09-21 00:11:09','2025-09-21 00:11:09'),(291,1,30,30,8624097.00,'new',4,34496388.00,'2025-09-21 00:11:10','2025-09-21 00:11:10'),(292,28,30,30,3994195.00,'new',5,19970975.00,'2025-09-21 00:11:10','2025-09-21 00:11:10'),(293,47,30,30,166940.00,'new',5,834700.00,'2025-09-21 00:11:10','2025-09-21 00:11:10'),(294,4,30,30,8296853.00,'new',3,24890559.00,'2025-09-21 00:11:10','2025-09-21 00:11:10'),(295,41,30,30,3422277.00,'new',2,6844554.00,'2025-09-21 00:11:10','2025-09-21 00:11:10'),(296,26,30,30,8435907.00,'new',1,8435907.00,'2025-09-21 00:11:10','2025-09-21 00:11:10'),(297,30,30,30,712329.00,'new',1,712329.00,'2025-09-21 00:11:10','2025-09-21 00:11:10'),(298,43,30,30,6687291.00,'new',1,6687291.00,'2025-09-21 00:11:10','2025-09-21 00:11:10'),(299,13,30,30,9669214.00,'new',4,38676856.00,'2025-09-21 00:11:10','2025-09-21 00:11:10'),(300,43,30,30,6687291.00,'new',3,20061873.00,'2025-09-21 00:11:10','2025-09-21 00:11:10'),(301,35,31,31,4041279.00,'new',2,8082558.00,'2025-09-21 00:11:10','2025-09-21 00:11:10'),(302,2,31,31,8208058.00,'new',4,32832232.00,'2025-09-21 00:11:10','2025-09-21 00:11:10'),(303,50,31,31,1078451.00,'new',4,4313804.00,'2025-09-21 00:11:10','2025-09-21 00:11:10'),(304,38,31,31,9928240.00,'new',3,29784720.00,'2025-09-21 00:11:10','2025-09-21 00:11:10'),(305,27,31,31,7538486.00,'new',2,15076972.00,'2025-09-21 00:11:10','2025-09-21 00:11:10'),(306,13,31,31,9669214.00,'new',2,19338428.00,'2025-09-21 00:11:10','2025-09-21 00:11:10'),(307,45,31,31,8244106.00,'new',1,8244106.00,'2025-09-21 00:11:10','2025-09-21 00:11:10'),(308,41,31,31,3422277.00,'new',3,10266831.00,'2025-09-21 00:11:10','2025-09-21 00:11:10'),(309,7,31,31,885134.00,'new',3,2655402.00,'2025-09-21 00:11:10','2025-09-21 00:11:10'),(310,39,31,31,5669825.00,'new',2,11339650.00,'2025-09-21 00:11:10','2025-09-21 00:11:10'),(311,25,32,32,2829185.00,'new',4,11316740.00,'2025-09-21 00:11:10','2025-09-21 00:11:10'),(312,49,32,32,7952200.00,'new',1,7952200.00,'2025-09-21 00:11:10','2025-09-21 00:11:10'),(313,45,32,32,8244106.00,'new',3,24732318.00,'2025-09-21 00:11:10','2025-09-21 00:11:10'),(314,16,32,32,6117398.00,'new',2,12234796.00,'2025-09-21 00:11:10','2025-09-21 00:11:10'),(315,12,32,32,4657481.00,'new',1,4657481.00,'2025-09-21 00:11:10','2025-09-21 00:11:10'),(316,40,32,32,1422831.00,'new',2,2845662.00,'2025-09-21 00:11:10','2025-09-21 00:11:10'),(317,22,32,32,629335.00,'new',4,2517340.00,'2025-09-21 00:11:10','2025-09-21 00:11:10'),(318,11,32,32,6257091.00,'new',1,6257091.00,'2025-09-21 00:11:10','2025-09-21 00:11:10'),(319,41,32,32,3422277.00,'new',4,13689108.00,'2025-09-21 00:11:10','2025-09-21 00:11:10'),(320,34,32,32,2255788.00,'new',5,11278940.00,'2025-09-21 00:11:10','2025-09-21 00:11:10'),(321,46,33,33,7693200.00,'new',3,23079600.00,'2025-09-21 00:11:10','2025-09-21 00:11:10'),(322,29,33,33,5515008.00,'new',3,16545024.00,'2025-09-21 00:11:10','2025-09-21 00:11:10'),(323,17,33,33,6805547.00,'new',4,27222188.00,'2025-09-21 00:11:10','2025-09-21 00:11:10'),(324,10,33,33,9637076.00,'new',3,28911228.00,'2025-09-21 00:11:10','2025-09-21 00:11:10'),(325,19,33,33,6525684.00,'new',1,6525684.00,'2025-09-21 00:11:10','2025-09-21 00:11:10'),(326,37,33,33,4123292.00,'new',3,12369876.00,'2025-09-21 00:11:10','2025-09-21 00:11:10'),(327,33,33,33,5077836.00,'new',5,25389180.00,'2025-09-21 00:11:10','2025-09-21 00:11:10'),(328,14,33,33,8325085.00,'new',1,8325085.00,'2025-09-21 00:11:10','2025-09-21 00:11:10'),(329,36,33,33,3541452.00,'new',2,7082904.00,'2025-09-21 00:11:10','2025-09-21 00:11:10'),(330,30,33,33,712329.00,'new',1,712329.00,'2025-09-21 00:11:10','2025-09-21 00:11:10'),(331,38,34,34,9928240.00,'new',4,39712960.00,'2025-09-21 00:11:10','2025-09-21 00:11:10'),(332,36,34,34,3541452.00,'new',1,3541452.00,'2025-09-21 00:11:10','2025-09-21 00:11:10'),(333,42,34,34,5336732.00,'new',1,5336732.00,'2025-09-21 00:11:10','2025-09-21 00:11:10'),(334,12,34,34,4657481.00,'new',1,4657481.00,'2025-09-21 00:11:10','2025-09-21 00:11:10'),(335,47,34,34,166940.00,'new',1,166940.00,'2025-09-21 00:11:10','2025-09-21 00:11:10'),(336,12,34,34,4657481.00,'new',3,13972443.00,'2025-09-21 00:11:10','2025-09-21 00:11:10'),(337,19,34,34,6525684.00,'new',4,26102736.00,'2025-09-21 00:11:10','2025-09-21 00:11:10'),(338,34,34,34,2255788.00,'new',3,6767364.00,'2025-09-21 00:11:10','2025-09-21 00:11:10'),(339,19,34,34,6525684.00,'new',5,32628420.00,'2025-09-21 00:11:10','2025-09-21 00:11:10'),(340,3,34,34,9442739.00,'new',3,28328217.00,'2025-09-21 00:11:10','2025-09-21 00:11:10'),(341,32,35,35,2096285.00,'new',5,10481425.00,'2025-09-21 00:11:10','2025-09-21 00:11:10'),(342,43,35,35,6687291.00,'new',3,20061873.00,'2025-09-21 00:11:10','2025-09-21 00:11:10'),(343,18,35,35,5342585.00,'new',3,16027755.00,'2025-09-21 00:11:10','2025-09-21 00:11:10'),(344,21,35,35,3956525.00,'new',2,7913050.00,'2025-09-21 00:11:10','2025-09-21 00:11:10'),(345,13,35,35,9669214.00,'new',5,48346070.00,'2025-09-21 00:11:10','2025-09-21 00:11:10'),(346,3,35,35,9442739.00,'new',1,9442739.00,'2025-09-21 00:11:10','2025-09-21 00:11:10'),(347,45,35,35,8244106.00,'new',1,8244106.00,'2025-09-21 00:11:10','2025-09-21 00:11:10'),(348,44,35,35,2818351.00,'new',3,8455053.00,'2025-09-21 00:11:10','2025-09-21 00:11:10'),(349,34,35,35,2255788.00,'new',5,11278940.00,'2025-09-21 00:11:10','2025-09-21 00:11:10'),(350,8,35,35,6258124.00,'new',2,12516248.00,'2025-09-21 00:11:10','2025-09-21 00:11:10'),(351,24,36,36,6302917.00,'new',3,18908751.00,'2025-09-21 00:11:10','2025-09-21 00:11:10'),(352,28,36,36,3994195.00,'new',2,7988390.00,'2025-09-21 00:11:10','2025-09-21 00:11:10'),(353,12,36,36,4657481.00,'new',4,18629924.00,'2025-09-21 00:11:10','2025-09-21 00:11:10'),(354,41,36,36,3422277.00,'new',1,3422277.00,'2025-09-21 00:11:10','2025-09-21 00:11:10'),(355,18,36,36,5342585.00,'new',3,16027755.00,'2025-09-21 00:11:10','2025-09-21 00:11:10'),(356,30,36,36,712329.00,'new',2,1424658.00,'2025-09-21 00:11:10','2025-09-21 00:11:10'),(357,41,36,36,3422277.00,'new',1,3422277.00,'2025-09-21 00:11:10','2025-09-21 00:11:10'),(358,10,36,36,9637076.00,'new',5,48185380.00,'2025-09-21 00:11:10','2025-09-21 00:11:10'),(359,21,36,36,3956525.00,'new',3,11869575.00,'2025-09-21 00:11:10','2025-09-21 00:11:10'),(360,34,36,36,2255788.00,'new',1,2255788.00,'2025-09-21 00:11:10','2025-09-21 00:11:10'),(361,2,37,37,8208058.00,'new',5,41040290.00,'2025-09-21 00:11:10','2025-09-21 00:11:10'),(362,18,37,37,5342585.00,'new',3,16027755.00,'2025-09-21 00:11:10','2025-09-21 00:11:10'),(363,24,37,37,6302917.00,'new',4,25211668.00,'2025-09-21 00:11:10','2025-09-21 00:11:10'),(364,7,37,37,885134.00,'new',3,2655402.00,'2025-09-21 00:11:10','2025-09-21 00:11:10'),(365,15,37,37,586860.00,'new',1,586860.00,'2025-09-21 00:11:10','2025-09-21 00:11:10'),(366,34,37,37,2255788.00,'new',5,11278940.00,'2025-09-21 00:11:10','2025-09-21 00:11:10'),(367,41,37,37,3422277.00,'new',4,13689108.00,'2025-09-21 00:11:10','2025-09-21 00:11:10'),(368,39,37,37,5669825.00,'new',1,5669825.00,'2025-09-21 00:11:10','2025-09-21 00:11:10'),(369,39,37,37,5669825.00,'new',3,17009475.00,'2025-09-21 00:11:10','2025-09-21 00:11:10'),(370,20,37,37,166349.00,'new',2,332698.00,'2025-09-21 00:11:10','2025-09-21 00:11:10'),(371,44,38,38,2818351.00,'new',2,5636702.00,'2025-09-21 00:11:10','2025-09-21 00:11:10'),(372,12,38,38,4657481.00,'new',3,13972443.00,'2025-09-21 00:11:10','2025-09-21 00:11:10'),(373,12,38,38,4657481.00,'new',3,13972443.00,'2025-09-21 00:11:10','2025-09-21 00:11:10'),(374,39,38,38,5669825.00,'new',3,17009475.00,'2025-09-21 00:11:10','2025-09-21 00:11:10'),(375,3,38,38,9442739.00,'new',3,28328217.00,'2025-09-21 00:11:10','2025-09-21 00:11:10'),(376,5,38,38,9417365.00,'new',3,28252095.00,'2025-09-21 00:11:10','2025-09-21 00:11:10'),(377,36,38,38,3541452.00,'new',5,17707260.00,'2025-09-21 00:11:10','2025-09-21 00:11:10'),(378,43,38,38,6687291.00,'new',1,6687291.00,'2025-09-21 00:11:10','2025-09-21 00:11:10'),(379,4,38,38,8296853.00,'new',5,41484265.00,'2025-09-21 00:11:10','2025-09-21 00:11:10'),(380,50,38,38,1078451.00,'new',1,1078451.00,'2025-09-21 00:11:10','2025-09-21 00:11:10'),(381,27,39,39,7538486.00,'new',1,7538486.00,'2025-09-21 00:11:10','2025-09-21 00:11:10'),(382,33,39,39,5077836.00,'new',3,15233508.00,'2025-09-21 00:11:10','2025-09-21 00:11:10'),(383,15,39,39,586860.00,'new',1,586860.00,'2025-09-21 00:11:10','2025-09-21 00:11:10'),(384,1,39,39,8624097.00,'new',3,25872291.00,'2025-09-21 00:11:10','2025-09-21 00:11:10'),(385,17,39,39,6805547.00,'new',4,27222188.00,'2025-09-21 00:11:10','2025-09-21 00:11:10'),(386,29,39,39,5515008.00,'new',4,22060032.00,'2025-09-21 00:11:10','2025-09-21 00:11:10'),(387,5,39,39,9417365.00,'new',4,37669460.00,'2025-09-21 00:11:10','2025-09-21 00:11:10'),(388,50,39,39,1078451.00,'new',1,1078451.00,'2025-09-21 00:11:10','2025-09-21 00:11:10'),(389,10,39,39,9637076.00,'new',1,9637076.00,'2025-09-21 00:11:10','2025-09-21 00:11:10'),(390,49,39,39,7952200.00,'new',2,15904400.00,'2025-09-21 00:11:10','2025-09-21 00:11:10'),(391,31,40,40,2160331.00,'new',4,8641324.00,'2025-09-21 00:11:10','2025-09-21 00:11:10'),(392,31,40,40,2160331.00,'new',5,10801655.00,'2025-09-21 00:11:10','2025-09-21 00:11:10'),(393,41,40,40,3422277.00,'new',1,3422277.00,'2025-09-21 00:11:10','2025-09-21 00:11:10'),(394,44,40,40,2818351.00,'new',4,11273404.00,'2025-09-21 00:11:10','2025-09-21 00:11:10'),(395,10,40,40,9637076.00,'new',5,48185380.00,'2025-09-21 00:11:10','2025-09-21 00:11:10'),(396,18,40,40,5342585.00,'new',5,26712925.00,'2025-09-21 00:11:10','2025-09-21 00:11:10'),(397,18,40,40,5342585.00,'new',2,10685170.00,'2025-09-21 00:11:10','2025-09-21 00:11:10'),(398,47,40,40,166940.00,'new',1,166940.00,'2025-09-21 00:11:10','2025-09-21 00:11:10'),(399,22,40,40,629335.00,'new',4,2517340.00,'2025-09-21 00:11:10','2025-09-21 00:11:10'),(400,49,40,40,7952200.00,'new',1,7952200.00,'2025-09-21 00:11:10','2025-09-21 00:11:10'),(401,18,41,41,5342585.00,'new',1,5342585.00,'2025-09-21 00:11:10','2025-09-21 00:11:10'),(402,5,41,41,9417365.00,'new',4,37669460.00,'2025-09-21 00:11:10','2025-09-21 00:11:10'),(403,34,41,41,2255788.00,'new',2,4511576.00,'2025-09-21 00:11:10','2025-09-21 00:11:10'),(404,3,41,41,9442739.00,'new',1,9442739.00,'2025-09-21 00:11:10','2025-09-21 00:11:10'),(405,41,41,41,3422277.00,'new',5,17111385.00,'2025-09-21 00:11:10','2025-09-21 00:11:10'),(406,45,41,41,8244106.00,'new',3,24732318.00,'2025-09-21 00:11:10','2025-09-21 00:11:10'),(407,25,41,41,2829185.00,'new',1,2829185.00,'2025-09-21 00:11:10','2025-09-21 00:11:10'),(408,13,41,41,9669214.00,'new',4,38676856.00,'2025-09-21 00:11:10','2025-09-21 00:11:10'),(409,6,41,41,459568.00,'new',4,1838272.00,'2025-09-21 00:11:10','2025-09-21 00:11:10'),(410,22,41,41,629335.00,'new',1,629335.00,'2025-09-21 00:11:10','2025-09-21 00:11:10'),(411,8,42,42,6258124.00,'new',2,12516248.00,'2025-09-21 00:11:10','2025-09-21 00:11:10'),(412,46,42,42,7693200.00,'new',1,7693200.00,'2025-09-21 00:11:10','2025-09-21 00:11:10'),(413,10,42,42,9637076.00,'new',4,38548304.00,'2025-09-21 00:11:10','2025-09-21 00:11:10'),(414,5,42,42,9417365.00,'new',2,18834730.00,'2025-09-21 00:11:10','2025-09-21 00:11:10'),(415,31,42,42,2160331.00,'new',4,8641324.00,'2025-09-21 00:11:10','2025-09-21 00:11:10'),(416,37,42,42,4123292.00,'new',3,12369876.00,'2025-09-21 00:11:10','2025-09-21 00:11:10'),(417,43,42,42,6687291.00,'new',3,20061873.00,'2025-09-21 00:11:10','2025-09-21 00:11:10'),(418,19,42,42,6525684.00,'new',5,32628420.00,'2025-09-21 00:11:10','2025-09-21 00:11:10'),(419,42,42,42,5336732.00,'new',5,26683660.00,'2025-09-21 00:11:10','2025-09-21 00:11:10'),(420,34,42,42,2255788.00,'new',1,2255788.00,'2025-09-21 00:11:10','2025-09-21 00:11:10'),(421,39,43,43,5669825.00,'new',1,5669825.00,'2025-09-21 00:11:10','2025-09-21 00:11:10'),(422,29,43,43,5515008.00,'new',2,11030016.00,'2025-09-21 00:11:10','2025-09-21 00:11:10'),(423,16,43,43,6117398.00,'new',1,6117398.00,'2025-09-21 00:11:10','2025-09-21 00:11:10'),(424,31,43,43,2160331.00,'new',1,2160331.00,'2025-09-21 00:11:10','2025-09-21 00:11:10'),(425,11,43,43,6257091.00,'new',3,18771273.00,'2025-09-21 00:11:10','2025-09-21 00:11:10'),(426,12,43,43,4657481.00,'new',4,18629924.00,'2025-09-21 00:11:10','2025-09-21 00:11:10'),(427,30,43,43,712329.00,'new',5,3561645.00,'2025-09-21 00:11:10','2025-09-21 00:11:10'),(428,50,43,43,1078451.00,'new',1,1078451.00,'2025-09-21 00:11:10','2025-09-21 00:11:10'),(429,1,43,43,8624097.00,'new',5,43120485.00,'2025-09-21 00:11:10','2025-09-21 00:11:10'),(430,24,43,43,6302917.00,'new',2,12605834.00,'2025-09-21 00:11:10','2025-09-21 00:11:10'),(431,47,44,44,166940.00,'new',5,834700.00,'2025-09-21 00:11:10','2025-09-21 00:11:10'),(432,16,44,44,6117398.00,'new',5,30586990.00,'2025-09-21 00:11:10','2025-09-21 00:11:10'),(433,1,44,44,8624097.00,'new',3,25872291.00,'2025-09-21 00:11:10','2025-09-21 00:11:10'),(434,46,44,44,7693200.00,'new',2,15386400.00,'2025-09-21 00:11:10','2025-09-21 00:11:10'),(435,34,44,44,2255788.00,'new',4,9023152.00,'2025-09-21 00:11:10','2025-09-21 00:11:10'),(436,47,44,44,166940.00,'new',5,834700.00,'2025-09-21 00:11:10','2025-09-21 00:11:10'),(437,15,44,44,586860.00,'new',1,586860.00,'2025-09-21 00:11:10','2025-09-21 00:11:10'),(438,25,44,44,2829185.00,'new',3,8487555.00,'2025-09-21 00:11:10','2025-09-21 00:11:10'),(439,46,44,44,7693200.00,'new',2,15386400.00,'2025-09-21 00:11:10','2025-09-21 00:11:10'),(440,20,44,44,166349.00,'new',5,831745.00,'2025-09-21 00:11:10','2025-09-21 00:11:10'),(441,49,45,45,7952200.00,'new',1,7952200.00,'2025-09-21 00:11:10','2025-09-21 00:11:10'),(442,26,45,45,8435907.00,'new',2,16871814.00,'2025-09-21 00:11:10','2025-09-21 00:11:10'),(443,48,45,45,4985928.00,'new',3,14957784.00,'2025-09-21 00:11:10','2025-09-21 00:11:10'),(444,44,45,45,2818351.00,'new',2,5636702.00,'2025-09-21 00:11:10','2025-09-21 00:11:10'),(445,45,45,45,8244106.00,'new',5,41220530.00,'2025-09-21 00:11:10','2025-09-21 00:11:10'),(446,33,45,45,5077836.00,'new',5,25389180.00,'2025-09-21 00:11:10','2025-09-21 00:11:10'),(447,27,45,45,7538486.00,'new',4,30153944.00,'2025-09-21 00:11:10','2025-09-21 00:11:10'),(448,36,45,45,3541452.00,'new',4,14165808.00,'2025-09-21 00:11:10','2025-09-21 00:11:10'),(449,10,45,45,9637076.00,'new',5,48185380.00,'2025-09-21 00:11:10','2025-09-21 00:11:10'),(450,40,45,45,1422831.00,'new',5,7114155.00,'2025-09-21 00:11:10','2025-09-21 00:11:10'),(451,46,46,46,7693200.00,'new',1,7693200.00,'2025-09-21 00:11:10','2025-09-21 00:11:10'),(452,28,46,46,3994195.00,'new',1,3994195.00,'2025-09-21 00:11:10','2025-09-21 00:11:10'),(453,40,46,46,1422831.00,'new',4,5691324.00,'2025-09-21 00:11:10','2025-09-21 00:11:10'),(454,4,46,46,8296853.00,'new',4,33187412.00,'2025-09-21 00:11:10','2025-09-21 00:11:10'),(455,22,46,46,629335.00,'new',4,2517340.00,'2025-09-21 00:11:10','2025-09-21 00:11:10'),(456,40,46,46,1422831.00,'new',2,2845662.00,'2025-09-21 00:11:10','2025-09-21 00:11:10'),(457,37,46,46,4123292.00,'new',2,8246584.00,'2025-09-21 00:11:10','2025-09-21 00:11:10'),(458,5,46,46,9417365.00,'new',4,37669460.00,'2025-09-21 00:11:10','2025-09-21 00:11:10'),(459,29,46,46,5515008.00,'new',1,5515008.00,'2025-09-21 00:11:10','2025-09-21 00:11:10'),(460,7,46,46,885134.00,'new',5,4425670.00,'2025-09-21 00:11:10','2025-09-21 00:11:10'),(461,31,47,47,2160331.00,'new',2,4320662.00,'2025-09-21 00:11:10','2025-09-21 00:11:10'),(462,17,47,47,6805547.00,'new',2,13611094.00,'2025-09-21 00:11:10','2025-09-21 00:11:10'),(463,18,47,47,5342585.00,'new',1,5342585.00,'2025-09-21 00:11:10','2025-09-21 00:11:10'),(464,43,47,47,6687291.00,'new',3,20061873.00,'2025-09-21 00:11:10','2025-09-21 00:11:10'),(465,50,47,47,1078451.00,'new',1,1078451.00,'2025-09-21 00:11:10','2025-09-21 00:11:10'),(466,41,47,47,3422277.00,'new',2,6844554.00,'2025-09-21 00:11:10','2025-09-21 00:11:10'),(467,13,47,47,9669214.00,'new',1,9669214.00,'2025-09-21 00:11:10','2025-09-21 00:11:10'),(468,39,47,47,5669825.00,'new',5,28349125.00,'2025-09-21 00:11:10','2025-09-21 00:11:10'),(469,24,47,47,6302917.00,'new',1,6302917.00,'2025-09-21 00:11:10','2025-09-21 00:11:10'),(470,14,47,47,8325085.00,'new',1,8325085.00,'2025-09-21 00:11:10','2025-09-21 00:11:10'),(471,12,48,48,4657481.00,'new',5,23287405.00,'2025-09-21 00:11:10','2025-09-21 00:11:10'),(472,48,48,48,4985928.00,'new',5,24929640.00,'2025-09-21 00:11:10','2025-09-21 00:11:10'),(473,10,48,48,9637076.00,'new',1,9637076.00,'2025-09-21 00:11:10','2025-09-21 00:11:10'),(474,30,48,48,712329.00,'new',3,2136987.00,'2025-09-21 00:11:10','2025-09-21 00:11:10'),(475,48,48,48,4985928.00,'new',1,4985928.00,'2025-09-21 00:11:10','2025-09-21 00:11:10'),(476,26,48,48,8435907.00,'new',2,16871814.00,'2025-09-21 00:11:10','2025-09-21 00:11:10'),(477,26,48,48,8435907.00,'new',2,16871814.00,'2025-09-21 00:11:10','2025-09-21 00:11:10'),(478,26,48,48,8435907.00,'new',2,16871814.00,'2025-09-21 00:11:10','2025-09-21 00:11:10'),(479,32,48,48,2096285.00,'new',4,8385140.00,'2025-09-21 00:11:10','2025-09-21 00:11:10'),(480,11,48,48,6257091.00,'new',4,25028364.00,'2025-09-21 00:11:10','2025-09-21 00:11:10'),(481,12,49,49,4657481.00,'new',2,9314962.00,'2025-09-21 00:11:10','2025-09-21 00:11:10'),(482,26,49,49,8435907.00,'new',1,8435907.00,'2025-09-21 00:11:10','2025-09-21 00:11:10'),(483,28,49,49,3994195.00,'new',3,11982585.00,'2025-09-21 00:11:10','2025-09-21 00:11:10'),(484,2,49,49,8208058.00,'new',5,41040290.00,'2025-09-21 00:11:10','2025-09-21 00:11:10'),(485,23,49,49,319694.00,'new',4,1278776.00,'2025-09-21 00:11:10','2025-09-21 00:11:10'),(486,50,49,49,1078451.00,'new',1,1078451.00,'2025-09-21 00:11:10','2025-09-21 00:11:10'),(487,7,49,49,885134.00,'new',4,3540536.00,'2025-09-21 00:11:10','2025-09-21 00:11:10'),(488,13,49,49,9669214.00,'new',1,9669214.00,'2025-09-21 00:11:10','2025-09-21 00:11:10'),(489,6,49,49,459568.00,'new',1,459568.00,'2025-09-21 00:11:10','2025-09-21 00:11:10'),(490,33,49,49,5077836.00,'new',4,20311344.00,'2025-09-21 00:11:10','2025-09-21 00:11:10'),(491,38,50,50,9928240.00,'new',1,9928240.00,'2025-09-21 00:11:10','2025-09-21 00:11:10'),(492,15,50,50,586860.00,'new',4,2347440.00,'2025-09-21 00:11:10','2025-09-21 00:11:10'),(493,5,50,50,9417365.00,'new',4,37669460.00,'2025-09-21 00:11:10','2025-09-21 00:11:10'),(494,50,50,50,1078451.00,'new',3,3235353.00,'2025-09-21 00:11:10','2025-09-21 00:11:10'),(495,10,50,50,9637076.00,'new',1,9637076.00,'2025-09-21 00:11:10','2025-09-21 00:11:10'),(496,10,50,50,9637076.00,'new',2,19274152.00,'2025-09-21 00:11:10','2025-09-21 00:11:10'),(497,11,50,50,6257091.00,'new',4,25028364.00,'2025-09-21 00:11:10','2025-09-21 00:11:10'),(498,50,50,50,1078451.00,'new',4,4313804.00,'2025-09-21 00:11:10','2025-09-21 00:11:10'),(499,30,50,50,712329.00,'new',3,2136987.00,'2025-09-21 00:11:10','2025-09-21 00:11:10'),(500,46,50,50,7693200.00,'new',1,7693200.00,'2025-09-21 00:11:10','2025-09-21 00:11:10');
/*!40000 ALTER TABLE `carts` ENABLE KEYS */;
UNLOCK TABLES;

--
-- Table structure for table `categories`
--

DROP TABLE IF EXISTS `categories`;
/*!40101 SET @saved_cs_client     = @@character_set_client */;
/*!50503 SET character_set_client = utf8mb4 */;
CREATE TABLE `categories` (
  `id` bigint unsigned NOT NULL AUTO_INCREMENT,
  `title` varchar(191) COLLATE utf8mb4_unicode_ci NOT NULL,
  `slug` varchar(191) COLLATE utf8mb4_unicode_ci NOT NULL,
  `summary` text COLLATE utf8mb4_unicode_ci,
  `photo` varchar(191) COLLATE utf8mb4_unicode_ci DEFAULT NULL,
  `is_parent` tinyint(1) NOT NULL DEFAULT '1',
  `parent_id` bigint unsigned DEFAULT NULL,
  `added_by` bigint unsigned DEFAULT NULL,
  `status` enum('active','inactive') COLLATE utf8mb4_unicode_ci NOT NULL DEFAULT 'inactive',
  `created_at` timestamp NULL DEFAULT NULL,
  `updated_at` timestamp NULL DEFAULT NULL,
  PRIMARY KEY (`id`),
  UNIQUE KEY `categories_slug_unique` (`slug`),
  KEY `categories_parent_id_foreign` (`parent_id`),
  KEY `categories_added_by_foreign` (`added_by`),
  CONSTRAINT `categories_added_by_foreign` FOREIGN KEY (`added_by`) REFERENCES `users` (`id`) ON DELETE SET NULL,
  CONSTRAINT `categories_parent_id_foreign` FOREIGN KEY (`parent_id`) REFERENCES `categories` (`id`) ON DELETE SET NULL
) ENGINE=InnoDB AUTO_INCREMENT=51 DEFAULT CHARSET=utf8mb4 COLLATE=utf8mb4_unicode_ci;
/*!40101 SET character_set_client = @saved_cs_client */;

--
-- Dumping data for table `categories`
--

LOCK TABLES `categories` WRITE;
/*!40000 ALTER TABLE `categories` DISABLE KEYS */;
INSERT INTO `categories` VALUES (1,'Men\'s Fashion','mens-fashion','Tóm tắt danh mục cha 1','/storage/photos/1/Category/mini-banner1.jpg',1,NULL,NULL,'active','2025-09-21 00:11:07','2025-09-21 00:11:07'),(2,'Women\'s Fashion','womens-fashion','Tóm tắt danh mục cha 2','/storage/photos/1/Category/mini-banner2.jpg',1,NULL,NULL,'active','2025-09-21 00:11:07','2025-09-21 00:11:07'),(3,'T-shirt\'s','t-shirts','Tóm tắt danh mục cha 3','/storage/photos/1/Category/mini-banner3.jpg',1,NULL,NULL,'active','2025-09-21 00:11:07','2025-09-21 00:11:07'),(4,'Danh mục cha 4','danh-muc-cha-4','Tóm tắt danh mục cha 4','/photos/category4.jpg',1,NULL,NULL,'active','2025-09-21 00:11:07','2025-09-21 00:11:07'),(5,'Danh mục cha 5','danh-muc-cha-5','Tóm tắt danh mục cha 5','/photos/category5.jpg',1,NULL,NULL,'active','2025-09-21 00:11:07','2025-09-21 00:11:07'),(6,'Danh mục cha 6','danh-muc-cha-6','Tóm tắt danh mục cha 6','/photos/category6.jpg',1,NULL,NULL,'active','2025-09-21 00:11:07','2025-09-21 00:11:07'),(7,'Danh mục cha 7','danh-muc-cha-7','Tóm tắt danh mục cha 7','/photos/category7.jpg',1,NULL,NULL,'active','2025-09-21 00:11:07','2025-09-21 00:11:07'),(8,'Danh mục cha 8','danh-muc-cha-8','Tóm tắt danh mục cha 8','/photos/category8.jpg',1,NULL,NULL,'active','2025-09-21 00:11:07','2025-09-21 00:11:07'),(9,'Danh mục cha 9','danh-muc-cha-9','Tóm tắt danh mục cha 9','/photos/category9.jpg',1,NULL,NULL,'active','2025-09-21 00:11:07','2025-09-21 00:11:07'),(10,'Danh mục cha 10','danh-muc-cha-10','Tóm tắt danh mục cha 10','/photos/category10.jpg',1,NULL,NULL,'active','2025-09-21 00:11:07','2025-09-21 00:11:07'),(11,'Danh mục cha 11','danh-muc-cha-11','Tóm tắt danh mục cha 11','/photos/category11.jpg',1,NULL,NULL,'active','2025-09-21 00:11:07','2025-09-21 00:11:07'),(12,'Danh mục cha 12','danh-muc-cha-12','Tóm tắt danh mục cha 12','/photos/category12.jpg',1,NULL,NULL,'active','2025-09-21 00:11:07','2025-09-21 00:11:07'),(13,'Danh mục cha 13','danh-muc-cha-13','Tóm tắt danh mục cha 13','/photos/category13.jpg',1,NULL,NULL,'active','2025-09-21 00:11:07','2025-09-21 00:11:07'),(14,'Danh mục cha 14','danh-muc-cha-14','Tóm tắt danh mục cha 14','/photos/category14.jpg',1,NULL,NULL,'active','2025-09-21 00:11:07','2025-09-21 00:11:07'),(15,'Danh mục cha 15','danh-muc-cha-15','Tóm tắt danh mục cha 15','/photos/category15.jpg',1,NULL,NULL,'active','2025-09-21 00:11:07','2025-09-21 00:11:07'),(16,'Danh mục cha 16','danh-muc-cha-16','Tóm tắt danh mục cha 16','/photos/category16.jpg',1,NULL,NULL,'active','2025-09-21 00:11:07','2025-09-21 00:11:07'),(17,'Danh mục cha 17','danh-muc-cha-17','Tóm tắt danh mục cha 17','/photos/category17.jpg',1,NULL,NULL,'active','2025-09-21 00:11:07','2025-09-21 00:11:07'),(18,'Danh mục cha 18','danh-muc-cha-18','Tóm tắt danh mục cha 18','/photos/category18.jpg',1,NULL,NULL,'active','2025-09-21 00:11:07','2025-09-21 00:11:07'),(19,'Danh mục cha 19','danh-muc-cha-19','Tóm tắt danh mục cha 19','/photos/category19.jpg',1,NULL,NULL,'active','2025-09-21 00:11:07','2025-09-21 00:11:07'),(20,'Danh mục cha 20','danh-muc-cha-20','Tóm tắt danh mục cha 20','/photos/category20.jpg',1,NULL,NULL,'active','2025-09-21 00:11:07','2025-09-21 00:11:07'),(21,'Danh mục cha 21','danh-muc-cha-21','Tóm tắt danh mục cha 21','/photos/category21.jpg',1,NULL,NULL,'active','2025-09-21 00:11:07','2025-09-21 00:11:07'),(22,'Danh mục cha 22','danh-muc-cha-22','Tóm tắt danh mục cha 22','/photos/category22.jpg',1,NULL,NULL,'active','2025-09-21 00:11:07','2025-09-21 00:11:07'),(23,'Danh mục cha 23','danh-muc-cha-23','Tóm tắt danh mục cha 23','/photos/category23.jpg',1,NULL,NULL,'active','2025-09-21 00:11:07','2025-09-21 00:11:07'),(24,'Danh mục cha 24','danh-muc-cha-24','Tóm tắt danh mục cha 24','/photos/category24.jpg',1,NULL,NULL,'active','2025-09-21 00:11:07','2025-09-21 00:11:07'),(25,'Danh mục cha 25','danh-muc-cha-25','Tóm tắt danh mục cha 25','/photos/category25.jpg',1,NULL,NULL,'active','2025-09-21 00:11:07','2025-09-21 00:11:07'),(26,'Danh mục con 1','danh-muc-con-1','Tóm tắt danh mục con 1','/photos/subcategory1.jpg',0,16,NULL,'active','2025-09-21 00:11:07','2025-09-21 00:11:07'),(27,'Danh mục con 2','danh-muc-con-2','Tóm tắt danh mục con 2','/photos/subcategory2.jpg',0,10,NULL,'active','2025-09-21 00:11:07','2025-09-21 00:11:07'),(28,'Danh mục con 3','danh-muc-con-3','Tóm tắt danh mục con 3','/photos/subcategory3.jpg',0,14,NULL,'active','2025-09-21 00:11:07','2025-09-21 00:11:07'),(29,'Danh mục con 4','danh-muc-con-4','Tóm tắt danh mục con 4','/photos/subcategory4.jpg',0,3,NULL,'active','2025-09-21 00:11:07','2025-09-21 00:11:07'),(30,'Danh mục con 5','danh-muc-con-5','Tóm tắt danh mục con 5','/photos/subcategory5.jpg',0,17,NULL,'active','2025-09-21 00:11:07','2025-09-21 00:11:07'),(31,'Danh mục con 6','danh-muc-con-6','Tóm tắt danh mục con 6','/photos/subcategory6.jpg',0,17,NULL,'active','2025-09-21 00:11:07','2025-09-21 00:11:07'),(32,'Danh mục con 7','danh-muc-con-7','Tóm tắt danh mục con 7','/photos/subcategory7.jpg',0,10,NULL,'active','2025-09-21 00:11:07','2025-09-21 00:11:07'),(33,'Danh mục con 8','danh-muc-con-8','Tóm tắt danh mục con 8','/photos/subcategory8.jpg',0,18,NULL,'active','2025-09-21 00:11:07','2025-09-21 00:11:07'),(34,'Danh mục con 9','danh-muc-con-9','Tóm tắt danh mục con 9','/photos/subcategory9.jpg',0,10,NULL,'active','2025-09-21 00:11:07','2025-09-21 00:11:07'),(35,'Danh mục con 10','danh-muc-con-10','Tóm tắt danh mục con 10','/photos/subcategory10.jpg',0,22,NULL,'active','2025-09-21 00:11:07','2025-09-21 00:11:07'),(36,'Danh mục con 11','danh-muc-con-11','Tóm tắt danh mục con 11','/photos/subcategory11.jpg',0,6,NULL,'active','2025-09-21 00:11:07','2025-09-21 00:11:07'),(37,'Danh mục con 12','danh-muc-con-12','Tóm tắt danh mục con 12','/photos/subcategory12.jpg',0,18,NULL,'active','2025-09-21 00:11:07','2025-09-21 00:11:07'),(38,'Danh mục con 13','danh-muc-con-13','Tóm tắt danh mục con 13','/photos/subcategory13.jpg',0,4,NULL,'active','2025-09-21 00:11:07','2025-09-21 00:11:07'),(39,'Danh mục con 14','danh-muc-con-14','Tóm tắt danh mục con 14','/photos/subcategory14.jpg',0,18,NULL,'active','2025-09-21 00:11:07','2025-09-21 00:11:07'),(40,'Danh mục con 15','danh-muc-con-15','Tóm tắt danh mục con 15','/photos/subcategory15.jpg',0,12,NULL,'active','2025-09-21 00:11:07','2025-09-21 00:11:07'),(41,'Danh mục con 16','danh-muc-con-16','Tóm tắt danh mục con 16','/photos/subcategory16.jpg',0,18,NULL,'active','2025-09-21 00:11:07','2025-09-21 00:11:07'),(42,'Danh mục con 17','danh-muc-con-17','Tóm tắt danh mục con 17','/photos/subcategory17.jpg',0,17,NULL,'active','2025-09-21 00:11:07','2025-09-21 00:11:07'),(43,'Danh mục con 18','danh-muc-con-18','Tóm tắt danh mục con 18','/photos/subcategory18.jpg',0,23,NULL,'active','2025-09-21 00:11:07','2025-09-21 00:11:07'),(44,'Danh mục con 19','danh-muc-con-19','Tóm tắt danh mục con 19','/photos/subcategory19.jpg',0,13,NULL,'active','2025-09-21 00:11:07','2025-09-21 00:11:07'),(45,'Danh mục con 20','danh-muc-con-20','Tóm tắt danh mục con 20','/photos/subcategory20.jpg',0,8,NULL,'active','2025-09-21 00:11:07','2025-09-21 00:11:07'),(46,'Danh mục con 21','danh-muc-con-21','Tóm tắt danh mục con 21','/photos/subcategory21.jpg',0,20,NULL,'active','2025-09-21 00:11:07','2025-09-21 00:11:07'),(47,'Danh mục con 22','danh-muc-con-22','Tóm tắt danh mục con 22','/photos/subcategory22.jpg',0,13,NULL,'active','2025-09-21 00:11:07','2025-09-21 00:11:07'),(48,'Danh mục con 23','danh-muc-con-23','Tóm tắt danh mục con 23','/photos/subcategory23.jpg',0,2,NULL,'active','2025-09-21 00:11:07','2025-09-21 00:11:07'),(49,'Danh mục con 24','danh-muc-con-24','Tóm tắt danh mục con 24','/photos/subcategory24.jpg',0,12,NULL,'active','2025-09-21 00:11:07','2025-09-21 00:11:07'),(50,'Danh mục con 25','danh-muc-con-25','Tóm tắt danh mục con 25','/photos/subcategory25.jpg',0,1,NULL,'active','2025-09-21 00:11:07','2025-09-21 00:11:07');
/*!40000 ALTER TABLE `categories` ENABLE KEYS */;
UNLOCK TABLES;

--
-- Table structure for table `coupons`
--

DROP TABLE IF EXISTS `coupons`;
/*!40101 SET @saved_cs_client     = @@character_set_client */;
/*!50503 SET character_set_client = utf8mb4 */;
CREATE TABLE `coupons` (
  `id` bigint unsigned NOT NULL AUTO_INCREMENT,
  `code` varchar(191) COLLATE utf8mb4_unicode_ci NOT NULL,
  `type` enum('fixed','percent') COLLATE utf8mb4_unicode_ci NOT NULL DEFAULT 'fixed',
  `value` decimal(20,2) NOT NULL,
  `status` enum('active','inactive') COLLATE utf8mb4_unicode_ci NOT NULL DEFAULT 'inactive',
  `created_at` timestamp NULL DEFAULT NULL,
  `updated_at` timestamp NULL DEFAULT NULL,
  PRIMARY KEY (`id`),
  UNIQUE KEY `coupons_code_unique` (`code`)
) ENGINE=InnoDB AUTO_INCREMENT=51 DEFAULT CHARSET=utf8mb4 COLLATE=utf8mb4_unicode_ci;
/*!40101 SET character_set_client = @saved_cs_client */;

--
-- Dumping data for table `coupons`
--

LOCK TABLES `coupons` WRITE;
/*!40000 ALTER TABLE `coupons` DISABLE KEYS */;
INSERT INTO `coupons` VALUES (1,'COUPON001','percent',312.00,'active','2025-09-21 00:11:08','2025-09-21 00:11:08'),(2,'COUPON002','fixed',266.00,'active','2025-09-21 00:11:08','2025-09-21 00:11:08'),(3,'COUPON003','fixed',291.00,'active','2025-09-21 00:11:08','2025-09-21 00:11:08'),(4,'COUPON004','percent',156.00,'active','2025-09-21 00:11:08','2025-09-21 00:11:08'),(5,'COUPON005','percent',182.00,'active','2025-09-21 00:11:08','2025-09-21 00:11:08'),(6,'COUPON006','fixed',259.00,'active','2025-09-21 00:11:08','2025-09-21 00:11:08'),(7,'COUPON007','percent',111.00,'active','2025-09-21 00:11:08','2025-09-21 00:11:08'),(8,'COUPON008','percent',484.00,'active','2025-09-21 00:11:08','2025-09-21 00:11:08'),(9,'COUPON009','percent',141.00,'active','2025-09-21 00:11:08','2025-09-21 00:11:08'),(10,'COUPON010','fixed',430.00,'active','2025-09-21 00:11:08','2025-09-21 00:11:08'),(11,'COUPON011','fixed',258.00,'active','2025-09-21 00:11:08','2025-09-21 00:11:08'),(12,'COUPON012','fixed',393.00,'active','2025-09-21 00:11:08','2025-09-21 00:11:08'),(13,'COUPON013','percent',195.00,'active','2025-09-21 00:11:08','2025-09-21 00:11:08'),(14,'COUPON014','percent',263.00,'active','2025-09-21 00:11:08','2025-09-21 00:11:08'),(15,'COUPON015','percent',172.00,'active','2025-09-21 00:11:08','2025-09-21 00:11:08'),(16,'COUPON016','percent',107.00,'active','2025-09-21 00:11:08','2025-09-21 00:11:08'),(17,'COUPON017','fixed',117.00,'active','2025-09-21 00:11:08','2025-09-21 00:11:08'),(18,'COUPON018','percent',28.00,'active','2025-09-21 00:11:08','2025-09-21 00:11:08'),(19,'COUPON019','percent',429.00,'active','2025-09-21 00:11:08','2025-09-21 00:11:08'),(20,'COUPON020','percent',77.00,'active','2025-09-21 00:11:08','2025-09-21 00:11:08'),(21,'COUPON021','percent',99.00,'active','2025-09-21 00:11:08','2025-09-21 00:11:08'),(22,'COUPON022','fixed',360.00,'active','2025-09-21 00:11:08','2025-09-21 00:11:08'),(23,'COUPON023','fixed',122.00,'active','2025-09-21 00:11:08','2025-09-21 00:11:08'),(24,'COUPON024','percent',361.00,'active','2025-09-21 00:11:08','2025-09-21 00:11:08'),(25,'COUPON025','fixed',186.00,'active','2025-09-21 00:11:08','2025-09-21 00:11:08'),(26,'COUPON026','percent',314.00,'active','2025-09-21 00:11:08','2025-09-21 00:11:08'),(27,'COUPON027','percent',400.00,'active','2025-09-21 00:11:08','2025-09-21 00:11:08'),(28,'COUPON028','fixed',159.00,'active','2025-09-21 00:11:08','2025-09-21 00:11:08'),(29,'COUPON029','fixed',355.00,'active','2025-09-21 00:11:08','2025-09-21 00:11:08'),(30,'COUPON030','fixed',253.00,'active','2025-09-21 00:11:08','2025-09-21 00:11:08'),(31,'COUPON031','fixed',212.00,'active','2025-09-21 00:11:08','2025-09-21 00:11:08'),(32,'COUPON032','fixed',395.00,'active','2025-09-21 00:11:08','2025-09-21 00:11:08'),(33,'COUPON033','percent',357.00,'active','2025-09-21 00:11:08','2025-09-21 00:11:08'),(34,'COUPON034','percent',116.00,'active','2025-09-21 00:11:08','2025-09-21 00:11:08'),(35,'COUPON035','fixed',79.00,'active','2025-09-21 00:11:08','2025-09-21 00:11:08'),(36,'COUPON036','percent',137.00,'active','2025-09-21 00:11:08','2025-09-21 00:11:08'),(37,'COUPON037','percent',138.00,'active','2025-09-21 00:11:08','2025-09-21 00:11:08'),(38,'COUPON038','percent',38.00,'active','2025-09-21 00:11:08','2025-09-21 00:11:08'),(39,'COUPON039','percent',263.00,'active','2025-09-21 00:11:08','2025-09-21 00:11:08'),(40,'COUPON040','percent',147.00,'active','2025-09-21 00:11:08','2025-09-21 00:11:08'),(41,'COUPON041','fixed',180.00,'active','2025-09-21 00:11:08','2025-09-21 00:11:08'),(42,'COUPON042','percent',89.00,'active','2025-09-21 00:11:08','2025-09-21 00:11:08'),(43,'COUPON043','percent',249.00,'active','2025-09-21 00:11:08','2025-09-21 00:11:08'),(44,'COUPON044','fixed',97.00,'active','2025-09-21 00:11:08','2025-09-21 00:11:08'),(45,'COUPON045','percent',294.00,'active','2025-09-21 00:11:08','2025-09-21 00:11:08'),(46,'COUPON046','fixed',202.00,'active','2025-09-21 00:11:08','2025-09-21 00:11:08'),(47,'COUPON047','fixed',301.00,'active','2025-09-21 00:11:08','2025-09-21 00:11:08'),(48,'COUPON048','fixed',148.00,'active','2025-09-21 00:11:08','2025-09-21 00:11:08'),(49,'COUPON049','fixed',155.00,'active','2025-09-21 00:11:08','2025-09-21 00:11:08'),(50,'COUPON050','percent',412.00,'active','2025-09-21 00:11:08','2025-09-21 00:11:08');
/*!40000 ALTER TABLE `coupons` ENABLE KEYS */;
UNLOCK TABLES;

--
-- Table structure for table `failed_jobs`
--

DROP TABLE IF EXISTS `failed_jobs`;
/*!40101 SET @saved_cs_client     = @@character_set_client */;
/*!50503 SET character_set_client = utf8mb4 */;
CREATE TABLE `failed_jobs` (
  `id` bigint unsigned NOT NULL AUTO_INCREMENT,
  `connection` text COLLATE utf8mb4_unicode_ci NOT NULL,
  `queue` text COLLATE utf8mb4_unicode_ci NOT NULL,
  `payload` longtext COLLATE utf8mb4_unicode_ci NOT NULL,
  `exception` longtext COLLATE utf8mb4_unicode_ci NOT NULL,
  `failed_at` timestamp NOT NULL DEFAULT CURRENT_TIMESTAMP,
  PRIMARY KEY (`id`)
) ENGINE=InnoDB AUTO_INCREMENT=51 DEFAULT CHARSET=utf8mb4 COLLATE=utf8mb4_unicode_ci;
/*!40101 SET character_set_client = @saved_cs_client */;

--
-- Dumping data for table `failed_jobs`
--

LOCK TABLES `failed_jobs` WRITE;
/*!40000 ALTER TABLE `failed_jobs` DISABLE KEYS */;
INSERT INTO `failed_jobs` VALUES (1,'database','default','{\"data\":\"C\\u00f4ng vi\\u1ec7c th\\u1ea5t b\\u1ea1i 1\"}','Lỗi giả định 1','2025-09-21 00:11:11'),(2,'database','default','{\"data\":\"C\\u00f4ng vi\\u1ec7c th\\u1ea5t b\\u1ea1i 2\"}','Lỗi giả định 2','2025-09-21 00:11:11'),(3,'database','default','{\"data\":\"C\\u00f4ng vi\\u1ec7c th\\u1ea5t b\\u1ea1i 3\"}','Lỗi giả định 3','2025-09-21 00:11:11'),(4,'database','default','{\"data\":\"C\\u00f4ng vi\\u1ec7c th\\u1ea5t b\\u1ea1i 4\"}','Lỗi giả định 4','2025-09-21 00:11:11'),(5,'database','default','{\"data\":\"C\\u00f4ng vi\\u1ec7c th\\u1ea5t b\\u1ea1i 5\"}','Lỗi giả định 5','2025-09-21 00:11:11'),(6,'database','default','{\"data\":\"C\\u00f4ng vi\\u1ec7c th\\u1ea5t b\\u1ea1i 6\"}','Lỗi giả định 6','2025-09-21 00:11:11'),(7,'database','default','{\"data\":\"C\\u00f4ng vi\\u1ec7c th\\u1ea5t b\\u1ea1i 7\"}','Lỗi giả định 7','2025-09-21 00:11:11'),(8,'database','default','{\"data\":\"C\\u00f4ng vi\\u1ec7c th\\u1ea5t b\\u1ea1i 8\"}','Lỗi giả định 8','2025-09-21 00:11:11'),(9,'database','default','{\"data\":\"C\\u00f4ng vi\\u1ec7c th\\u1ea5t b\\u1ea1i 9\"}','Lỗi giả định 9','2025-09-21 00:11:11'),(10,'database','default','{\"data\":\"C\\u00f4ng vi\\u1ec7c th\\u1ea5t b\\u1ea1i 10\"}','Lỗi giả định 10','2025-09-21 00:11:11'),(11,'database','default','{\"data\":\"C\\u00f4ng vi\\u1ec7c th\\u1ea5t b\\u1ea1i 11\"}','Lỗi giả định 11','2025-09-21 00:11:11'),(12,'database','default','{\"data\":\"C\\u00f4ng vi\\u1ec7c th\\u1ea5t b\\u1ea1i 12\"}','Lỗi giả định 12','2025-09-21 00:11:11'),(13,'database','default','{\"data\":\"C\\u00f4ng vi\\u1ec7c th\\u1ea5t b\\u1ea1i 13\"}','Lỗi giả định 13','2025-09-21 00:11:11'),(14,'database','default','{\"data\":\"C\\u00f4ng vi\\u1ec7c th\\u1ea5t b\\u1ea1i 14\"}','Lỗi giả định 14','2025-09-21 00:11:11'),(15,'database','default','{\"data\":\"C\\u00f4ng vi\\u1ec7c th\\u1ea5t b\\u1ea1i 15\"}','Lỗi giả định 15','2025-09-21 00:11:11'),(16,'database','default','{\"data\":\"C\\u00f4ng vi\\u1ec7c th\\u1ea5t b\\u1ea1i 16\"}','Lỗi giả định 16','2025-09-21 00:11:11'),(17,'database','default','{\"data\":\"C\\u00f4ng vi\\u1ec7c th\\u1ea5t b\\u1ea1i 17\"}','Lỗi giả định 17','2025-09-21 00:11:11'),(18,'database','default','{\"data\":\"C\\u00f4ng vi\\u1ec7c th\\u1ea5t b\\u1ea1i 18\"}','Lỗi giả định 18','2025-09-21 00:11:11'),(19,'database','default','{\"data\":\"C\\u00f4ng vi\\u1ec7c th\\u1ea5t b\\u1ea1i 19\"}','Lỗi giả định 19','2025-09-21 00:11:11'),(20,'database','default','{\"data\":\"C\\u00f4ng vi\\u1ec7c th\\u1ea5t b\\u1ea1i 20\"}','Lỗi giả định 20','2025-09-21 00:11:11'),(21,'database','default','{\"data\":\"C\\u00f4ng vi\\u1ec7c th\\u1ea5t b\\u1ea1i 21\"}','Lỗi giả định 21','2025-09-21 00:11:11'),(22,'database','default','{\"data\":\"C\\u00f4ng vi\\u1ec7c th\\u1ea5t b\\u1ea1i 22\"}','Lỗi giả định 22','2025-09-21 00:11:11'),(23,'database','default','{\"data\":\"C\\u00f4ng vi\\u1ec7c th\\u1ea5t b\\u1ea1i 23\"}','Lỗi giả định 23','2025-09-21 00:11:11'),(24,'database','default','{\"data\":\"C\\u00f4ng vi\\u1ec7c th\\u1ea5t b\\u1ea1i 24\"}','Lỗi giả định 24','2025-09-21 00:11:11'),(25,'database','default','{\"data\":\"C\\u00f4ng vi\\u1ec7c th\\u1ea5t b\\u1ea1i 25\"}','Lỗi giả định 25','2025-09-21 00:11:11'),(26,'database','default','{\"data\":\"C\\u00f4ng vi\\u1ec7c th\\u1ea5t b\\u1ea1i 26\"}','Lỗi giả định 26','2025-09-21 00:11:11'),(27,'database','default','{\"data\":\"C\\u00f4ng vi\\u1ec7c th\\u1ea5t b\\u1ea1i 27\"}','Lỗi giả định 27','2025-09-21 00:11:11'),(28,'database','default','{\"data\":\"C\\u00f4ng vi\\u1ec7c th\\u1ea5t b\\u1ea1i 28\"}','Lỗi giả định 28','2025-09-21 00:11:11'),(29,'database','default','{\"data\":\"C\\u00f4ng vi\\u1ec7c th\\u1ea5t b\\u1ea1i 29\"}','Lỗi giả định 29','2025-09-21 00:11:11'),(30,'database','default','{\"data\":\"C\\u00f4ng vi\\u1ec7c th\\u1ea5t b\\u1ea1i 30\"}','Lỗi giả định 30','2025-09-21 00:11:11'),(31,'database','default','{\"data\":\"C\\u00f4ng vi\\u1ec7c th\\u1ea5t b\\u1ea1i 31\"}','Lỗi giả định 31','2025-09-21 00:11:11'),(32,'database','default','{\"data\":\"C\\u00f4ng vi\\u1ec7c th\\u1ea5t b\\u1ea1i 32\"}','Lỗi giả định 32','2025-09-21 00:11:11'),(33,'database','default','{\"data\":\"C\\u00f4ng vi\\u1ec7c th\\u1ea5t b\\u1ea1i 33\"}','Lỗi giả định 33','2025-09-21 00:11:11'),(34,'database','default','{\"data\":\"C\\u00f4ng vi\\u1ec7c th\\u1ea5t b\\u1ea1i 34\"}','Lỗi giả định 34','2025-09-21 00:11:11'),(35,'database','default','{\"data\":\"C\\u00f4ng vi\\u1ec7c th\\u1ea5t b\\u1ea1i 35\"}','Lỗi giả định 35','2025-09-21 00:11:11'),(36,'database','default','{\"data\":\"C\\u00f4ng vi\\u1ec7c th\\u1ea5t b\\u1ea1i 36\"}','Lỗi giả định 36','2025-09-21 00:11:11'),(37,'database','default','{\"data\":\"C\\u00f4ng vi\\u1ec7c th\\u1ea5t b\\u1ea1i 37\"}','Lỗi giả định 37','2025-09-21 00:11:11'),(38,'database','default','{\"data\":\"C\\u00f4ng vi\\u1ec7c th\\u1ea5t b\\u1ea1i 38\"}','Lỗi giả định 38','2025-09-21 00:11:11'),(39,'database','default','{\"data\":\"C\\u00f4ng vi\\u1ec7c th\\u1ea5t b\\u1ea1i 39\"}','Lỗi giả định 39','2025-09-21 00:11:11'),(40,'database','default','{\"data\":\"C\\u00f4ng vi\\u1ec7c th\\u1ea5t b\\u1ea1i 40\"}','Lỗi giả định 40','2025-09-21 00:11:11'),(41,'database','default','{\"data\":\"C\\u00f4ng vi\\u1ec7c th\\u1ea5t b\\u1ea1i 41\"}','Lỗi giả định 41','2025-09-21 00:11:11'),(42,'database','default','{\"data\":\"C\\u00f4ng vi\\u1ec7c th\\u1ea5t b\\u1ea1i 42\"}','Lỗi giả định 42','2025-09-21 00:11:11'),(43,'database','default','{\"data\":\"C\\u00f4ng vi\\u1ec7c th\\u1ea5t b\\u1ea1i 43\"}','Lỗi giả định 43','2025-09-21 00:11:11'),(44,'database','default','{\"data\":\"C\\u00f4ng vi\\u1ec7c th\\u1ea5t b\\u1ea1i 44\"}','Lỗi giả định 44','2025-09-21 00:11:11'),(45,'database','default','{\"data\":\"C\\u00f4ng vi\\u1ec7c th\\u1ea5t b\\u1ea1i 45\"}','Lỗi giả định 45','2025-09-21 00:11:11'),(46,'database','default','{\"data\":\"C\\u00f4ng vi\\u1ec7c th\\u1ea5t b\\u1ea1i 46\"}','Lỗi giả định 46','2025-09-21 00:11:11'),(47,'database','default','{\"data\":\"C\\u00f4ng vi\\u1ec7c th\\u1ea5t b\\u1ea1i 47\"}','Lỗi giả định 47','2025-09-21 00:11:11'),(48,'database','default','{\"data\":\"C\\u00f4ng vi\\u1ec7c th\\u1ea5t b\\u1ea1i 48\"}','Lỗi giả định 48','2025-09-21 00:11:11'),(49,'database','default','{\"data\":\"C\\u00f4ng vi\\u1ec7c th\\u1ea5t b\\u1ea1i 49\"}','Lỗi giả định 49','2025-09-21 00:11:11'),(50,'database','default','{\"data\":\"C\\u00f4ng vi\\u1ec7c th\\u1ea5t b\\u1ea1i 50\"}','Lỗi giả định 50','2025-09-21 00:11:11');
/*!40000 ALTER TABLE `failed_jobs` ENABLE KEYS */;
UNLOCK TABLES;

--
-- Table structure for table `jobs`
--

DROP TABLE IF EXISTS `jobs`;
/*!40101 SET @saved_cs_client     = @@character_set_client */;
/*!50503 SET character_set_client = utf8mb4 */;
CREATE TABLE `jobs` (
  `id` bigint unsigned NOT NULL AUTO_INCREMENT,
  `queue` varchar(191) COLLATE utf8mb4_unicode_ci NOT NULL,
  `payload` longtext COLLATE utf8mb4_unicode_ci NOT NULL,
  `attempts` tinyint unsigned NOT NULL,
  `reserved_at` int unsigned DEFAULT NULL,
  `available_at` int unsigned NOT NULL,
  `created_at` int unsigned NOT NULL,
  PRIMARY KEY (`id`),
  KEY `jobs_queue_index` (`queue`)
) ENGINE=InnoDB AUTO_INCREMENT=51 DEFAULT CHARSET=utf8mb4 COLLATE=utf8mb4_unicode_ci;
/*!40101 SET character_set_client = @saved_cs_client */;

--
-- Dumping data for table `jobs`
--

LOCK TABLES `jobs` WRITE;
/*!40000 ALTER TABLE `jobs` DISABLE KEYS */;
INSERT INTO `jobs` VALUES (1,'default','{\"data\":\"C\\u00f4ng vi\\u1ec7c 1\"}',0,NULL,1758438671,1758438671),(2,'default','{\"data\":\"C\\u00f4ng vi\\u1ec7c 2\"}',0,NULL,1758438671,1758438671),(3,'default','{\"data\":\"C\\u00f4ng vi\\u1ec7c 3\"}',0,NULL,1758438671,1758438671),(4,'default','{\"data\":\"C\\u00f4ng vi\\u1ec7c 4\"}',0,NULL,1758438671,1758438671),(5,'default','{\"data\":\"C\\u00f4ng vi\\u1ec7c 5\"}',0,NULL,1758438671,1758438671),(6,'default','{\"data\":\"C\\u00f4ng vi\\u1ec7c 6\"}',0,NULL,1758438671,1758438671),(7,'default','{\"data\":\"C\\u00f4ng vi\\u1ec7c 7\"}',0,NULL,1758438671,1758438671),(8,'default','{\"data\":\"C\\u00f4ng vi\\u1ec7c 8\"}',0,NULL,1758438671,1758438671),(9,'default','{\"data\":\"C\\u00f4ng vi\\u1ec7c 9\"}',0,NULL,1758438671,1758438671),(10,'default','{\"data\":\"C\\u00f4ng vi\\u1ec7c 10\"}',0,NULL,1758438671,1758438671),(11,'default','{\"data\":\"C\\u00f4ng vi\\u1ec7c 11\"}',0,NULL,1758438671,1758438671),(12,'default','{\"data\":\"C\\u00f4ng vi\\u1ec7c 12\"}',0,NULL,1758438671,1758438671),(13,'default','{\"data\":\"C\\u00f4ng vi\\u1ec7c 13\"}',0,NULL,1758438671,1758438671),(14,'default','{\"data\":\"C\\u00f4ng vi\\u1ec7c 14\"}',0,NULL,1758438671,1758438671),(15,'default','{\"data\":\"C\\u00f4ng vi\\u1ec7c 15\"}',0,NULL,1758438671,1758438671),(16,'default','{\"data\":\"C\\u00f4ng vi\\u1ec7c 16\"}',0,NULL,1758438671,1758438671),(17,'default','{\"data\":\"C\\u00f4ng vi\\u1ec7c 17\"}',0,NULL,1758438671,1758438671),(18,'default','{\"data\":\"C\\u00f4ng vi\\u1ec7c 18\"}',0,NULL,1758438671,1758438671),(19,'default','{\"data\":\"C\\u00f4ng vi\\u1ec7c 19\"}',0,NULL,1758438671,1758438671),(20,'default','{\"data\":\"C\\u00f4ng vi\\u1ec7c 20\"}',0,NULL,1758438671,1758438671),(21,'default','{\"data\":\"C\\u00f4ng vi\\u1ec7c 21\"}',0,NULL,1758438671,1758438671),(22,'default','{\"data\":\"C\\u00f4ng vi\\u1ec7c 22\"}',0,NULL,1758438671,1758438671),(23,'default','{\"data\":\"C\\u00f4ng vi\\u1ec7c 23\"}',0,NULL,1758438671,1758438671),(24,'default','{\"data\":\"C\\u00f4ng vi\\u1ec7c 24\"}',0,NULL,1758438671,1758438671),(25,'default','{\"data\":\"C\\u00f4ng vi\\u1ec7c 25\"}',0,NULL,1758438671,1758438671),(26,'default','{\"data\":\"C\\u00f4ng vi\\u1ec7c 26\"}',0,NULL,1758438671,1758438671),(27,'default','{\"data\":\"C\\u00f4ng vi\\u1ec7c 27\"}',0,NULL,1758438671,1758438671),(28,'default','{\"data\":\"C\\u00f4ng vi\\u1ec7c 28\"}',0,NULL,1758438671,1758438671),(29,'default','{\"data\":\"C\\u00f4ng vi\\u1ec7c 29\"}',0,NULL,1758438671,1758438671),(30,'default','{\"data\":\"C\\u00f4ng vi\\u1ec7c 30\"}',0,NULL,1758438671,1758438671),(31,'default','{\"data\":\"C\\u00f4ng vi\\u1ec7c 31\"}',0,NULL,1758438671,1758438671),(32,'default','{\"data\":\"C\\u00f4ng vi\\u1ec7c 32\"}',0,NULL,1758438671,1758438671),(33,'default','{\"data\":\"C\\u00f4ng vi\\u1ec7c 33\"}',0,NULL,1758438671,1758438671),(34,'default','{\"data\":\"C\\u00f4ng vi\\u1ec7c 34\"}',0,NULL,1758438671,1758438671),(35,'default','{\"data\":\"C\\u00f4ng vi\\u1ec7c 35\"}',0,NULL,1758438671,1758438671),(36,'default','{\"data\":\"C\\u00f4ng vi\\u1ec7c 36\"}',0,NULL,1758438671,1758438671),(37,'default','{\"data\":\"C\\u00f4ng vi\\u1ec7c 37\"}',0,NULL,1758438671,1758438671),(38,'default','{\"data\":\"C\\u00f4ng vi\\u1ec7c 38\"}',0,NULL,1758438671,1758438671),(39,'default','{\"data\":\"C\\u00f4ng vi\\u1ec7c 39\"}',0,NULL,1758438671,1758438671),(40,'default','{\"data\":\"C\\u00f4ng vi\\u1ec7c 40\"}',0,NULL,1758438671,1758438671),(41,'default','{\"data\":\"C\\u00f4ng vi\\u1ec7c 41\"}',0,NULL,1758438671,1758438671),(42,'default','{\"data\":\"C\\u00f4ng vi\\u1ec7c 42\"}',0,NULL,1758438671,1758438671),(43,'default','{\"data\":\"C\\u00f4ng vi\\u1ec7c 43\"}',0,NULL,1758438671,1758438671),(44,'default','{\"data\":\"C\\u00f4ng vi\\u1ec7c 44\"}',0,NULL,1758438671,1758438671),(45,'default','{\"data\":\"C\\u00f4ng vi\\u1ec7c 45\"}',0,NULL,1758438671,1758438671),(46,'default','{\"data\":\"C\\u00f4ng vi\\u1ec7c 46\"}',0,NULL,1758438671,1758438671),(47,'default','{\"data\":\"C\\u00f4ng vi\\u1ec7c 47\"}',0,NULL,1758438671,1758438671),(48,'default','{\"data\":\"C\\u00f4ng vi\\u1ec7c 48\"}',0,NULL,1758438671,1758438671),(49,'default','{\"data\":\"C\\u00f4ng vi\\u1ec7c 49\"}',0,NULL,1758438671,1758438671),(50,'default','{\"data\":\"C\\u00f4ng vi\\u1ec7c 50\"}',0,NULL,1758438671,1758438671);
/*!40000 ALTER TABLE `jobs` ENABLE KEYS */;
UNLOCK TABLES;

--
-- Table structure for table `messages`
--

DROP TABLE IF EXISTS `messages`;
/*!40101 SET @saved_cs_client     = @@character_set_client */;
/*!50503 SET character_set_client = utf8mb4 */;
CREATE TABLE `messages` (
  `id` bigint unsigned NOT NULL AUTO_INCREMENT,
  `name` varchar(191) COLLATE utf8mb4_unicode_ci NOT NULL,
  `subject` text COLLATE utf8mb4_unicode_ci NOT NULL,
  `email` varchar(191) COLLATE utf8mb4_unicode_ci NOT NULL,
  `photo` varchar(191) COLLATE utf8mb4_unicode_ci DEFAULT NULL,
  `phone` varchar(191) COLLATE utf8mb4_unicode_ci DEFAULT NULL,
  `message` longtext COLLATE utf8mb4_unicode_ci NOT NULL,
  `read_at` timestamp NULL DEFAULT NULL,
  `created_at` timestamp NULL DEFAULT NULL,
  `updated_at` timestamp NULL DEFAULT NULL,
  PRIMARY KEY (`id`)
) ENGINE=InnoDB AUTO_INCREMENT=51 DEFAULT CHARSET=utf8mb4 COLLATE=utf8mb4_unicode_ci;
/*!40101 SET character_set_client = @saved_cs_client */;

--
-- Dumping data for table `messages`
--

LOCK TABLES `messages` WRITE;
/*!40000 ALTER TABLE `messages` DISABLE KEYS */;
INSERT INTO `messages` VALUES (1,'Người gửi 1','Chủ đề tin nhắn 1','message1@example.com','/photos/message1.jpg','0123456781','Nội dung tin nhắn 1 bằng tiếng Việt.',NULL,'2025-09-21 00:11:08','2025-09-21 00:11:08'),(2,'Người gửi 2','Chủ đề tin nhắn 2','message2@example.com','/photos/message2.jpg','0123456782','Nội dung tin nhắn 2 bằng tiếng Việt.',NULL,'2025-09-21 00:11:08','2025-09-21 00:11:08'),(3,'Người gửi 3','Chủ đề tin nhắn 3','message3@example.com','/photos/message3.jpg','0123456783','Nội dung tin nhắn 3 bằng tiếng Việt.','2025-09-21 00:11:08','2025-09-21 00:11:08','2025-09-21 00:11:08'),(4,'Người gửi 4','Chủ đề tin nhắn 4','message4@example.com','/photos/message4.jpg','0123456784','Nội dung tin nhắn 4 bằng tiếng Việt.',NULL,'2025-09-21 00:11:08','2025-09-21 00:11:08'),(5,'Người gửi 5','Chủ đề tin nhắn 5','message5@example.com','/photos/message5.jpg','0123456785','Nội dung tin nhắn 5 bằng tiếng Việt.',NULL,'2025-09-21 00:11:08','2025-09-21 00:11:08'),(6,'Người gửi 6','Chủ đề tin nhắn 6','message6@example.com','/photos/message6.jpg','0123456786','Nội dung tin nhắn 6 bằng tiếng Việt.','2025-09-21 00:11:08','2025-09-21 00:11:08','2025-09-21 00:11:08'),(7,'Người gửi 7','Chủ đề tin nhắn 7','message7@example.com','/photos/message7.jpg','0123456787','Nội dung tin nhắn 7 bằng tiếng Việt.','2025-09-21 00:11:08','2025-09-21 00:11:08','2025-09-21 00:11:08'),(8,'Người gửi 8','Chủ đề tin nhắn 8','message8@example.com','/photos/message8.jpg','0123456788','Nội dung tin nhắn 8 bằng tiếng Việt.','2025-09-21 00:11:08','2025-09-21 00:11:08','2025-09-21 00:11:08'),(9,'Người gửi 9','Chủ đề tin nhắn 9','message9@example.com','/photos/message9.jpg','0123456789','Nội dung tin nhắn 9 bằng tiếng Việt.','2025-09-21 00:11:08','2025-09-21 00:11:08','2025-09-21 00:11:08'),(10,'Người gửi 10','Chủ đề tin nhắn 10','message10@example.com','/photos/message10.jpg','0123456780','Nội dung tin nhắn 10 bằng tiếng Việt.','2025-09-21 00:11:08','2025-09-21 00:11:08','2025-09-21 00:11:08'),(11,'Người gửi 11','Chủ đề tin nhắn 11','message11@example.com','/photos/message11.jpg','0123456781','Nội dung tin nhắn 11 bằng tiếng Việt.','2025-09-21 00:11:08','2025-09-21 00:11:08','2025-09-21 00:11:08'),(12,'Người gửi 12','Chủ đề tin nhắn 12','message12@example.com','/photos/message12.jpg','0123456782','Nội dung tin nhắn 12 bằng tiếng Việt.','2025-09-21 00:11:08','2025-09-21 00:11:08','2025-09-21 00:11:08'),(13,'Người gửi 13','Chủ đề tin nhắn 13','message13@example.com','/photos/message13.jpg','0123456783','Nội dung tin nhắn 13 bằng tiếng Việt.',NULL,'2025-09-21 00:11:08','2025-09-21 00:11:08'),(14,'Người gửi 14','Chủ đề tin nhắn 14','message14@example.com','/photos/message14.jpg','0123456784','Nội dung tin nhắn 14 bằng tiếng Việt.','2025-09-21 00:11:08','2025-09-21 00:11:08','2025-09-21 00:11:08'),(15,'Người gửi 15','Chủ đề tin nhắn 15','message15@example.com','/photos/message15.jpg','0123456785','Nội dung tin nhắn 15 bằng tiếng Việt.',NULL,'2025-09-21 00:11:08','2025-09-21 00:11:08'),(16,'Người gửi 16','Chủ đề tin nhắn 16','message16@example.com','/photos/message16.jpg','0123456786','Nội dung tin nhắn 16 bằng tiếng Việt.',NULL,'2025-09-21 00:11:08','2025-09-21 00:11:08'),(17,'Người gửi 17','Chủ đề tin nhắn 17','message17@example.com','/photos/message17.jpg','0123456787','Nội dung tin nhắn 17 bằng tiếng Việt.',NULL,'2025-09-21 00:11:08','2025-09-21 00:11:08'),(18,'Người gửi 18','Chủ đề tin nhắn 18','message18@example.com','/photos/message18.jpg','0123456788','Nội dung tin nhắn 18 bằng tiếng Việt.','2025-09-21 00:11:08','2025-09-21 00:11:08','2025-09-21 00:11:08'),(19,'Người gửi 19','Chủ đề tin nhắn 19','message19@example.com','/photos/message19.jpg','0123456789','Nội dung tin nhắn 19 bằng tiếng Việt.',NULL,'2025-09-21 00:11:08','2025-09-21 00:11:08'),(20,'Người gửi 20','Chủ đề tin nhắn 20','message20@example.com','/photos/message20.jpg','0123456780','Nội dung tin nhắn 20 bằng tiếng Việt.',NULL,'2025-09-21 00:11:08','2025-09-21 00:11:08'),(21,'Người gửi 21','Chủ đề tin nhắn 21','message21@example.com','/photos/message21.jpg','0123456781','Nội dung tin nhắn 21 bằng tiếng Việt.','2025-09-21 00:11:08','2025-09-21 00:11:08','2025-09-21 00:11:08'),(22,'Người gửi 22','Chủ đề tin nhắn 22','message22@example.com','/photos/message22.jpg','0123456782','Nội dung tin nhắn 22 bằng tiếng Việt.','2025-09-21 00:11:08','2025-09-21 00:11:08','2025-09-21 00:11:08'),(23,'Người gửi 23','Chủ đề tin nhắn 23','message23@example.com','/photos/message23.jpg','0123456783','Nội dung tin nhắn 23 bằng tiếng Việt.',NULL,'2025-09-21 00:11:08','2025-09-21 00:11:08'),(24,'Người gửi 24','Chủ đề tin nhắn 24','message24@example.com','/photos/message24.jpg','0123456784','Nội dung tin nhắn 24 bằng tiếng Việt.',NULL,'2025-09-21 00:11:08','2025-09-21 00:11:08'),(25,'Người gửi 25','Chủ đề tin nhắn 25','message25@example.com','/photos/message25.jpg','0123456785','Nội dung tin nhắn 25 bằng tiếng Việt.',NULL,'2025-09-21 00:11:08','2025-09-21 00:11:08'),(26,'Người gửi 26','Chủ đề tin nhắn 26','message26@example.com','/photos/message26.jpg','0123456786','Nội dung tin nhắn 26 bằng tiếng Việt.','2025-09-21 00:11:08','2025-09-21 00:11:08','2025-09-21 00:11:08'),(27,'Người gửi 27','Chủ đề tin nhắn 27','message27@example.com','/photos/message27.jpg','0123456787','Nội dung tin nhắn 27 bằng tiếng Việt.',NULL,'2025-09-21 00:11:08','2025-09-21 00:11:08'),(28,'Người gửi 28','Chủ đề tin nhắn 28','message28@example.com','/photos/message28.jpg','0123456788','Nội dung tin nhắn 28 bằng tiếng Việt.',NULL,'2025-09-21 00:11:08','2025-09-21 00:11:08'),(29,'Người gửi 29','Chủ đề tin nhắn 29','message29@example.com','/photos/message29.jpg','0123456789','Nội dung tin nhắn 29 bằng tiếng Việt.','2025-09-21 00:11:08','2025-09-21 00:11:08','2025-09-21 00:11:08'),(30,'Người gửi 30','Chủ đề tin nhắn 30','message30@example.com','/photos/message30.jpg','0123456780','Nội dung tin nhắn 30 bằng tiếng Việt.',NULL,'2025-09-21 00:11:08','2025-09-21 00:11:08'),(31,'Người gửi 31','Chủ đề tin nhắn 31','message31@example.com','/photos/message31.jpg','0123456781','Nội dung tin nhắn 31 bằng tiếng Việt.','2025-09-21 00:11:08','2025-09-21 00:11:08','2025-09-21 00:11:08'),(32,'Người gửi 32','Chủ đề tin nhắn 32','message32@example.com','/photos/message32.jpg','0123456782','Nội dung tin nhắn 32 bằng tiếng Việt.','2025-09-21 00:11:08','2025-09-21 00:11:08','2025-09-21 00:11:08'),(33,'Người gửi 33','Chủ đề tin nhắn 33','message33@example.com','/photos/message33.jpg','0123456783','Nội dung tin nhắn 33 bằng tiếng Việt.','2025-09-21 00:11:08','2025-09-21 00:11:08','2025-09-21 00:11:08'),(34,'Người gửi 34','Chủ đề tin nhắn 34','message34@example.com','/photos/message34.jpg','0123456784','Nội dung tin nhắn 34 bằng tiếng Việt.','2025-09-21 00:11:08','2025-09-21 00:11:08','2025-09-21 00:11:08'),(35,'Người gửi 35','Chủ đề tin nhắn 35','message35@example.com','/photos/message35.jpg','0123456785','Nội dung tin nhắn 35 bằng tiếng Việt.',NULL,'2025-09-21 00:11:08','2025-09-21 00:11:08'),(36,'Người gửi 36','Chủ đề tin nhắn 36','message36@example.com','/photos/message36.jpg','0123456786','Nội dung tin nhắn 36 bằng tiếng Việt.','2025-09-21 00:11:08','2025-09-21 00:11:08','2025-09-21 00:11:08'),(37,'Người gửi 37','Chủ đề tin nhắn 37','message37@example.com','/photos/message37.jpg','0123456787','Nội dung tin nhắn 37 bằng tiếng Việt.','2025-09-21 00:11:08','2025-09-21 00:11:08','2025-09-21 00:11:08'),(38,'Người gửi 38','Chủ đề tin nhắn 38','message38@example.com','/photos/message38.jpg','0123456788','Nội dung tin nhắn 38 bằng tiếng Việt.','2025-09-21 00:11:08','2025-09-21 00:11:08','2025-09-21 00:11:08'),(39,'Người gửi 39','Chủ đề tin nhắn 39','message39@example.com','/photos/message39.jpg','0123456789','Nội dung tin nhắn 39 bằng tiếng Việt.',NULL,'2025-09-21 00:11:08','2025-09-21 00:11:08'),(40,'Người gửi 40','Chủ đề tin nhắn 40','message40@example.com','/photos/message40.jpg','0123456780','Nội dung tin nhắn 40 bằng tiếng Việt.',NULL,'2025-09-21 00:11:08','2025-09-21 00:11:08'),(41,'Người gửi 41','Chủ đề tin nhắn 41','message41@example.com','/photos/message41.jpg','0123456781','Nội dung tin nhắn 41 bằng tiếng Việt.','2025-09-21 00:11:08','2025-09-21 00:11:08','2025-09-21 00:11:08'),(42,'Người gửi 42','Chủ đề tin nhắn 42','message42@example.com','/photos/message42.jpg','0123456782','Nội dung tin nhắn 42 bằng tiếng Việt.','2025-09-21 00:11:08','2025-09-21 00:11:08','2025-09-21 00:11:08'),(43,'Người gửi 43','Chủ đề tin nhắn 43','message43@example.com','/photos/message43.jpg','0123456783','Nội dung tin nhắn 43 bằng tiếng Việt.',NULL,'2025-09-21 00:11:08','2025-09-21 00:11:08'),(44,'Người gửi 44','Chủ đề tin nhắn 44','message44@example.com','/photos/message44.jpg','0123456784','Nội dung tin nhắn 44 bằng tiếng Việt.','2025-09-21 00:11:08','2025-09-21 00:11:08','2025-09-21 00:11:08'),(45,'Người gửi 45','Chủ đề tin nhắn 45','message45@example.com','/photos/message45.jpg','0123456785','Nội dung tin nhắn 45 bằng tiếng Việt.','2025-09-21 00:11:08','2025-09-21 00:11:08','2025-09-21 00:11:08'),(46,'Người gửi 46','Chủ đề tin nhắn 46','message46@example.com','/photos/message46.jpg','0123456786','Nội dung tin nhắn 46 bằng tiếng Việt.','2025-09-21 00:11:08','2025-09-21 00:11:08','2025-09-21 00:11:08'),(47,'Người gửi 47','Chủ đề tin nhắn 47','message47@example.com','/photos/message47.jpg','0123456787','Nội dung tin nhắn 47 bằng tiếng Việt.','2025-09-21 00:11:08','2025-09-21 00:11:08','2025-09-21 00:11:08'),(48,'Người gửi 48','Chủ đề tin nhắn 48','message48@example.com','/photos/message48.jpg','0123456788','Nội dung tin nhắn 48 bằng tiếng Việt.',NULL,'2025-09-21 00:11:08','2025-09-21 00:11:08'),(49,'Người gửi 49','Chủ đề tin nhắn 49','message49@example.com','/photos/message49.jpg','0123456789','Nội dung tin nhắn 49 bằng tiếng Việt.',NULL,'2025-09-21 00:11:08','2025-09-21 00:11:08'),(50,'Người gửi 50','Chủ đề tin nhắn 50','message50@example.com','/photos/message50.jpg','0123456780','Nội dung tin nhắn 50 bằng tiếng Việt.','2025-09-21 00:11:08','2025-09-21 00:11:08','2025-09-21 00:11:08');
/*!40000 ALTER TABLE `messages` ENABLE KEYS */;
UNLOCK TABLES;

--
-- Table structure for table `migrations`
--

DROP TABLE IF EXISTS `migrations`;
/*!40101 SET @saved_cs_client     = @@character_set_client */;
/*!50503 SET character_set_client = utf8mb4 */;
CREATE TABLE `migrations` (
  `id` int unsigned NOT NULL AUTO_INCREMENT,
  `migration` varchar(191) COLLATE utf8mb4_unicode_ci NOT NULL,
  `batch` int NOT NULL,
  PRIMARY KEY (`id`)
) ENGINE=InnoDB AUTO_INCREMENT=23 DEFAULT CHARSET=utf8mb4 COLLATE=utf8mb4_unicode_ci;
/*!40101 SET character_set_client = @saved_cs_client */;

--
-- Dumping data for table `migrations`
--

LOCK TABLES `migrations` WRITE;
/*!40000 ALTER TABLE `migrations` DISABLE KEYS */;
INSERT INTO `migrations` VALUES (1,'2014_10_12_000000_create_users_table',1),(2,'2014_10_12_100000_create_password_resets_table',1),(3,'2019_08_19_000000_create_failed_jobs_table',1),(4,'2019_12_14_000001_create_personal_access_tokens_table',1),(5,'2020_07_10_021010_create_brands_table',1),(6,'2020_07_10_025334_create_banners_table',1),(7,'2020_07_10_112147_create_categories_table',1),(8,'2020_07_11_063857_create_products_table',1),(9,'2020_07_12_073132_create_post_categories_table',1),(10,'2020_07_12_073701_create_post_tags_table',1),(11,'2020_07_12_083638_create_posts_table',1),(12,'2020_07_13_151329_create_messages_table',1),(13,'2020_07_14_023748_create_shippings_table',1),(14,'2020_07_15_054356_create_orders_table',1),(15,'2020_07_15_102626_create_carts_table',1),(16,'2020_07_16_041623_create_notifications_table',1),(17,'2020_07_16_053240_create_coupons_table',1),(18,'2020_07_23_143757_create_wishlists_table',1),(19,'2020_07_24_074930_create_product_reviews_table',1),(20,'2020_07_24_131727_create_post_comments_table',1),(21,'2020_08_01_143408_create_settings_table',1),(22,'2023_06_21_164432_create_jobs_table',1);
/*!40000 ALTER TABLE `migrations` ENABLE KEYS */;
UNLOCK TABLES;

--
-- Table structure for table `notifications`
--

DROP TABLE IF EXISTS `notifications`;
/*!40101 SET @saved_cs_client     = @@character_set_client */;
/*!50503 SET character_set_client = utf8mb4 */;
CREATE TABLE `notifications` (
  `id` char(36) COLLATE utf8mb4_unicode_ci NOT NULL,
  `type` varchar(191) COLLATE utf8mb4_unicode_ci NOT NULL,
  `notifiable_type` varchar(191) COLLATE utf8mb4_unicode_ci NOT NULL,
  `notifiable_id` bigint unsigned NOT NULL,
  `data` text COLLATE utf8mb4_unicode_ci NOT NULL,
  `read_at` timestamp NULL DEFAULT NULL,
  `created_at` timestamp NULL DEFAULT NULL,
  `updated_at` timestamp NULL DEFAULT NULL,
  PRIMARY KEY (`id`),
  KEY `notifications_notifiable_type_notifiable_id_index` (`notifiable_type`,`notifiable_id`)
) ENGINE=InnoDB DEFAULT CHARSET=utf8mb4 COLLATE=utf8mb4_unicode_ci;
/*!40101 SET character_set_client = @saved_cs_client */;

--
-- Dumping data for table `notifications`
--

LOCK TABLES `notifications` WRITE;
/*!40000 ALTER TABLE `notifications` DISABLE KEYS */;
INSERT INTO `notifications` VALUES ('05432f59-dc74-426d-ad94-3a9bc61eee86','App\\Notifications\\GeneralNotification','App\\Models\\User',50,'{\"message\":\"Th\\u00f4ng b\\u00e1o 3 b\\u1eb1ng ti\\u1ebfng Vi\\u1ec7t.\"}','2025-09-21 00:11:08','2025-09-21 00:11:08','2025-09-21 00:11:08'),('0a1be226-2ab4-475b-82a8-a5ed1e7e19c2','App\\Notifications\\GeneralNotification','App\\Models\\User',17,'{\"message\":\"Th\\u00f4ng b\\u00e1o 48 b\\u1eb1ng ti\\u1ebfng Vi\\u1ec7t.\"}','2025-09-21 00:11:08','2025-09-21 00:11:08','2025-09-21 00:11:08'),('0c0a716d-2faf-4cc9-a02c-b32949aaac38','App\\Notifications\\GeneralNotification','App\\Models\\User',23,'{\"message\":\"Th\\u00f4ng b\\u00e1o 35 b\\u1eb1ng ti\\u1ebfng Vi\\u1ec7t.\"}',NULL,'2025-09-21 00:11:08','2025-09-21 00:11:08'),('0f3815a9-d26c-4f14-bb27-a304b33c1887','App\\Notifications\\GeneralNotification','App\\Models\\User',42,'{\"message\":\"Th\\u00f4ng b\\u00e1o 27 b\\u1eb1ng ti\\u1ebfng Vi\\u1ec7t.\"}',NULL,'2025-09-21 00:11:08','2025-09-21 00:11:08'),('1075d108-7037-4701-ac5f-61c8b1d1d274','App\\Notifications\\GeneralNotification','App\\Models\\User',48,'{\"message\":\"Th\\u00f4ng b\\u00e1o 34 b\\u1eb1ng ti\\u1ebfng Vi\\u1ec7t.\"}','2025-09-21 00:11:08','2025-09-21 00:11:08','2025-09-21 00:11:08'),('140c725d-004e-4a09-a7ff-a2afa655920a','App\\Notifications\\GeneralNotification','App\\Models\\User',31,'{\"message\":\"Th\\u00f4ng b\\u00e1o 17 b\\u1eb1ng ti\\u1ebfng Vi\\u1ec7t.\"}',NULL,'2025-09-21 00:11:08','2025-09-21 00:11:08'),('185397a7-3cff-422f-a9b4-a20712f4663d','App\\Notifications\\GeneralNotification','App\\Models\\User',6,'{\"message\":\"Th\\u00f4ng b\\u00e1o 23 b\\u1eb1ng ti\\u1ebfng Vi\\u1ec7t.\"}','2025-09-21 00:11:08','2025-09-21 00:11:08','2025-09-21 00:11:08'),('20def9d8-f621-43aa-898d-bb859b6b2aa4','App\\Notifications\\GeneralNotification','App\\Models\\User',43,'{\"message\":\"Th\\u00f4ng b\\u00e1o 47 b\\u1eb1ng ti\\u1ebfng Vi\\u1ec7t.\"}',NULL,'2025-09-21 00:11:08','2025-09-21 00:11:08'),('20dfda37-403b-4281-a12b-05188f4a1665','App\\Notifications\\GeneralNotification','App\\Models\\User',23,'{\"message\":\"Th\\u00f4ng b\\u00e1o 14 b\\u1eb1ng ti\\u1ebfng Vi\\u1ec7t.\"}',NULL,'2025-09-21 00:11:08','2025-09-21 00:11:08'),('210c1a13-51ac-4f60-9671-027965d6b108','App\\Notifications\\GeneralNotification','App\\Models\\User',33,'{\"message\":\"Th\\u00f4ng b\\u00e1o 22 b\\u1eb1ng ti\\u1ebfng Vi\\u1ec7t.\"}','2025-09-21 00:11:08','2025-09-21 00:11:08','2025-09-21 00:11:08'),('22cc92d4-c855-4b12-b2e4-1c1edbfdd8bc','App\\Notifications\\GeneralNotification','App\\Models\\User',27,'{\"message\":\"Th\\u00f4ng b\\u00e1o 39 b\\u1eb1ng ti\\u1ebfng Vi\\u1ec7t.\"}',NULL,'2025-09-21 00:11:08','2025-09-21 00:11:08'),('23800ebb-5aba-44ef-83d2-cd8f14e8f471','App\\Notifications\\GeneralNotification','App\\Models\\User',5,'{\"message\":\"Th\\u00f4ng b\\u00e1o 20 b\\u1eb1ng ti\\u1ebfng Vi\\u1ec7t.\"}',NULL,'2025-09-21 00:11:08','2025-09-21 00:11:08'),('27c49bc8-c657-40e5-bc8a-10cc01a9fb91','App\\Notifications\\GeneralNotification','App\\Models\\User',7,'{\"message\":\"Th\\u00f4ng b\\u00e1o 24 b\\u1eb1ng ti\\u1ebfng Vi\\u1ec7t.\"}','2025-09-21 00:11:08','2025-09-21 00:11:08','2025-09-21 00:11:08'),('2bc674dd-c3a9-492c-8159-197e59c0320e','App\\Notifications\\GeneralNotification','App\\Models\\User',5,'{\"message\":\"Th\\u00f4ng b\\u00e1o 28 b\\u1eb1ng ti\\u1ebfng Vi\\u1ec7t.\"}',NULL,'2025-09-21 00:11:08','2025-09-21 00:11:08'),('2c7f898d-bbf7-41dd-b367-dbb076878331','App\\Notifications\\GeneralNotification','App\\Models\\User',36,'{\"message\":\"Th\\u00f4ng b\\u00e1o 8 b\\u1eb1ng ti\\u1ebfng Vi\\u1ec7t.\"}',NULL,'2025-09-21 00:11:08','2025-09-21 00:11:08'),('39677c9e-c470-4402-8d01-51142e97f392','App\\Notifications\\GeneralNotification','App\\Models\\User',17,'{\"message\":\"Th\\u00f4ng b\\u00e1o 29 b\\u1eb1ng ti\\u1ebfng Vi\\u1ec7t.\"}',NULL,'2025-09-21 00:11:08','2025-09-21 00:11:08'),('3a01d07d-6187-4e9e-96ce-ba22ab42013e','App\\Notifications\\GeneralNotification','App\\Models\\User',24,'{\"message\":\"Th\\u00f4ng b\\u00e1o 16 b\\u1eb1ng ti\\u1ebfng Vi\\u1ec7t.\"}',NULL,'2025-09-21 00:11:08','2025-09-21 00:11:08'),('3cb082c0-b08f-4ef4-acdd-d5fdbda49b1f','App\\Notifications\\GeneralNotification','App\\Models\\User',38,'{\"message\":\"Th\\u00f4ng b\\u00e1o 31 b\\u1eb1ng ti\\u1ebfng Vi\\u1ec7t.\"}',NULL,'2025-09-21 00:11:08','2025-09-21 00:11:08'),('3d601da5-36a5-46e1-b644-3346cedd886b','App\\Notifications\\GeneralNotification','App\\Models\\User',50,'{\"message\":\"Th\\u00f4ng b\\u00e1o 40 b\\u1eb1ng ti\\u1ebfng Vi\\u1ec7t.\"}',NULL,'2025-09-21 00:11:08','2025-09-21 00:11:08'),('443f9eb0-a683-4607-a605-245da57b57e5','App\\Notifications\\GeneralNotification','App\\Models\\User',8,'{\"message\":\"Th\\u00f4ng b\\u00e1o 2 b\\u1eb1ng ti\\u1ebfng Vi\\u1ec7t.\"}',NULL,'2025-09-21 00:11:08','2025-09-21 00:11:08'),('5316a0b8-61a6-4cc4-8a44-b432840eb03d','App\\Notifications\\GeneralNotification','App\\Models\\User',10,'{\"message\":\"Th\\u00f4ng b\\u00e1o 21 b\\u1eb1ng ti\\u1ebfng Vi\\u1ec7t.\"}',NULL,'2025-09-21 00:11:08','2025-09-21 00:11:08'),('5668f8a2-70f5-4400-9cda-b8e8170aee90','App\\Notifications\\GeneralNotification','App\\Models\\User',21,'{\"message\":\"Th\\u00f4ng b\\u00e1o 5 b\\u1eb1ng ti\\u1ebfng Vi\\u1ec7t.\"}',NULL,'2025-09-21 00:11:08','2025-09-21 00:11:08'),('6435bb46-cba1-4eca-838f-fe6e107575d3','App\\Notifications\\GeneralNotification','App\\Models\\User',7,'{\"message\":\"Th\\u00f4ng b\\u00e1o 46 b\\u1eb1ng ti\\u1ebfng Vi\\u1ec7t.\"}','2025-09-21 00:11:08','2025-09-21 00:11:08','2025-09-21 00:11:08'),('65a4068d-6878-454e-8f79-c86a7a176090','App\\Notifications\\GeneralNotification','App\\Models\\User',13,'{\"message\":\"Th\\u00f4ng b\\u00e1o 38 b\\u1eb1ng ti\\u1ebfng Vi\\u1ec7t.\"}',NULL,'2025-09-21 00:11:08','2025-09-21 00:11:08'),('679eddef-1f14-45a0-b745-de0c45164bdd','App\\Notifications\\GeneralNotification','App\\Models\\User',47,'{\"message\":\"Th\\u00f4ng b\\u00e1o 12 b\\u1eb1ng ti\\u1ebfng Vi\\u1ec7t.\"}',NULL,'2025-09-21 00:11:08','2025-09-21 00:11:08'),('6a4cdfde-9afd-4809-8c73-6b312825b1fb','App\\Notifications\\GeneralNotification','App\\Models\\User',14,'{\"message\":\"Th\\u00f4ng b\\u00e1o 7 b\\u1eb1ng ti\\u1ebfng Vi\\u1ec7t.\"}',NULL,'2025-09-21 00:11:08','2025-09-21 00:11:08'),('6b30560f-aa03-45b2-b14a-7d96ff619ac4','App\\Notifications\\GeneralNotification','App\\Models\\User',6,'{\"message\":\"Th\\u00f4ng b\\u00e1o 18 b\\u1eb1ng ti\\u1ebfng Vi\\u1ec7t.\"}',NULL,'2025-09-21 00:11:08','2025-09-21 00:11:08'),('6b5a6a6a-e938-4ebf-a444-9b8e7b3652f6','App\\Notifications\\GeneralNotification','App\\Models\\User',17,'{\"message\":\"Th\\u00f4ng b\\u00e1o 26 b\\u1eb1ng ti\\u1ebfng Vi\\u1ec7t.\"}','2025-09-21 00:11:08','2025-09-21 00:11:08','2025-09-21 00:11:08'),('6e01bdf6-7da2-40a6-a7af-b19ae1042291','App\\Notifications\\GeneralNotification','App\\Models\\User',25,'{\"message\":\"Th\\u00f4ng b\\u00e1o 49 b\\u1eb1ng ti\\u1ebfng Vi\\u1ec7t.\"}',NULL,'2025-09-21 00:11:08','2025-09-21 00:11:08'),('73c8f2d2-6637-42fd-b859-40133572f38c','App\\Notifications\\GeneralNotification','App\\Models\\User',23,'{\"message\":\"Th\\u00f4ng b\\u00e1o 25 b\\u1eb1ng ti\\u1ebfng Vi\\u1ec7t.\"}',NULL,'2025-09-21 00:11:08','2025-09-21 00:11:08'),('8f54171b-e128-4aa1-aa08-e90b794bb49c','App\\Notifications\\GeneralNotification','App\\Models\\User',43,'{\"message\":\"Th\\u00f4ng b\\u00e1o 32 b\\u1eb1ng ti\\u1ebfng Vi\\u1ec7t.\"}',NULL,'2025-09-21 00:11:08','2025-09-21 00:11:08'),('96f66c49-80a8-497c-914f-e2a788c369fe','App\\Notifications\\GeneralNotification','App\\Models\\User',31,'{\"message\":\"Th\\u00f4ng b\\u00e1o 41 b\\u1eb1ng ti\\u1ebfng Vi\\u1ec7t.\"}',NULL,'2025-09-21 00:11:08','2025-09-21 00:11:08'),('97e9ce5c-34b7-48ec-a916-12f78c8d33d3','App\\Notifications\\GeneralNotification','App\\Models\\User',37,'{\"message\":\"Th\\u00f4ng b\\u00e1o 13 b\\u1eb1ng ti\\u1ebfng Vi\\u1ec7t.\"}','2025-09-21 00:11:08','2025-09-21 00:11:08','2025-09-21 00:11:08'),('9b7e7f8d-fc56-4a89-b71d-5542b064c910','App\\Notifications\\GeneralNotification','App\\Models\\User',7,'{\"message\":\"Th\\u00f4ng b\\u00e1o 33 b\\u1eb1ng ti\\u1ebfng Vi\\u1ec7t.\"}','2025-09-21 00:11:08','2025-09-21 00:11:08','2025-09-21 00:11:08'),('9bc60c04-ef50-4069-bd9a-4accdad112e9','App\\Notifications\\GeneralNotification','App\\Models\\User',39,'{\"message\":\"Th\\u00f4ng b\\u00e1o 45 b\\u1eb1ng ti\\u1ebfng Vi\\u1ec7t.\"}','2025-09-21 00:11:08','2025-09-21 00:11:08','2025-09-21 00:11:08'),('9ef59064-7d51-440a-a7e5-b99a0edf8436','App\\Notifications\\GeneralNotification','App\\Models\\User',15,'{\"message\":\"Th\\u00f4ng b\\u00e1o 50 b\\u1eb1ng ti\\u1ebfng Vi\\u1ec7t.\"}','2025-09-21 00:11:08','2025-09-21 00:11:08','2025-09-21 00:11:08'),('a505edeb-9208-4a05-be1b-10ab09468108','App\\Notifications\\GeneralNotification','App\\Models\\User',14,'{\"message\":\"Th\\u00f4ng b\\u00e1o 11 b\\u1eb1ng ti\\u1ebfng Vi\\u1ec7t.\"}',NULL,'2025-09-21 00:11:08','2025-09-21 00:11:08'),('a8fd2445-b0f1-4ee6-9bcb-de90e038da36','App\\Notifications\\GeneralNotification','App\\Models\\User',48,'{\"message\":\"Th\\u00f4ng b\\u00e1o 9 b\\u1eb1ng ti\\u1ebfng Vi\\u1ec7t.\"}',NULL,'2025-09-21 00:11:08','2025-09-21 00:11:08'),('b379b46e-9d87-43d9-8423-f0c9777f0615','App\\Notifications\\GeneralNotification','App\\Models\\User',35,'{\"message\":\"Th\\u00f4ng b\\u00e1o 43 b\\u1eb1ng ti\\u1ebfng Vi\\u1ec7t.\"}','2025-09-21 00:11:08','2025-09-21 00:11:08','2025-09-21 00:11:08'),('b97fd216-07f3-474d-af0b-397a55f9b7ab','App\\Notifications\\GeneralNotification','App\\Models\\User',47,'{\"message\":\"Th\\u00f4ng b\\u00e1o 42 b\\u1eb1ng ti\\u1ebfng Vi\\u1ec7t.\"}','2025-09-21 00:11:08','2025-09-21 00:11:08','2025-09-21 00:11:08'),('b9f8c7bc-75aa-4ffe-a435-53025cf75a99','App\\Notifications\\GeneralNotification','App\\Models\\User',16,'{\"message\":\"Th\\u00f4ng b\\u00e1o 19 b\\u1eb1ng ti\\u1ebfng Vi\\u1ec7t.\"}',NULL,'2025-09-21 00:11:08','2025-09-21 00:11:08'),('be3ba362-0694-411b-b971-95fb6ce5ee49','App\\Notifications\\GeneralNotification','App\\Models\\User',30,'{\"message\":\"Th\\u00f4ng b\\u00e1o 15 b\\u1eb1ng ti\\u1ebfng Vi\\u1ec7t.\"}',NULL,'2025-09-21 00:11:08','2025-09-21 00:11:08'),('c28cb917-450b-4782-a7cc-6f91b7c65402','App\\Notifications\\GeneralNotification','App\\Models\\User',29,'{\"message\":\"Th\\u00f4ng b\\u00e1o 44 b\\u1eb1ng ti\\u1ebfng Vi\\u1ec7t.\"}',NULL,'2025-09-21 00:11:08','2025-09-21 00:11:08'),('c3385724-cc0f-4bb4-a41c-dd803c162135','App\\Notifications\\GeneralNotification','App\\Models\\User',33,'{\"message\":\"Th\\u00f4ng b\\u00e1o 10 b\\u1eb1ng ti\\u1ebfng Vi\\u1ec7t.\"}','2025-09-21 00:11:08','2025-09-21 00:11:08','2025-09-21 00:11:08'),('c6e5a252-64f5-49a1-a0aa-1c7832dbb1eb','App\\Notifications\\GeneralNotification','App\\Models\\User',32,'{\"message\":\"Th\\u00f4ng b\\u00e1o 4 b\\u1eb1ng ti\\u1ebfng Vi\\u1ec7t.\"}','2025-09-21 00:11:08','2025-09-21 00:11:08','2025-09-21 00:11:08'),('d8701a1d-a77e-4ff6-84f1-5b6345ceeb2b','App\\Notifications\\GeneralNotification','App\\Models\\User',16,'{\"message\":\"Th\\u00f4ng b\\u00e1o 6 b\\u1eb1ng ti\\u1ebfng Vi\\u1ec7t.\"}',NULL,'2025-09-21 00:11:08','2025-09-21 00:11:08'),('db405df2-086f-4a1c-a1f1-cb0da6f8ebc7','App\\Notifications\\GeneralNotification','App\\Models\\User',31,'{\"message\":\"Th\\u00f4ng b\\u00e1o 37 b\\u1eb1ng ti\\u1ebfng Vi\\u1ec7t.\"}',NULL,'2025-09-21 00:11:08','2025-09-21 00:11:08'),('dd060d58-aa68-4255-b479-81995fc4e7e8','App\\Notifications\\GeneralNotification','App\\Models\\User',10,'{\"message\":\"Th\\u00f4ng b\\u00e1o 30 b\\u1eb1ng ti\\u1ebfng Vi\\u1ec7t.\"}','2025-09-21 00:11:08','2025-09-21 00:11:08','2025-09-21 00:11:08'),('ef29058e-8531-4843-a110-cfb25a8e1a1e','App\\Notifications\\GeneralNotification','App\\Models\\User',13,'{\"message\":\"Th\\u00f4ng b\\u00e1o 1 b\\u1eb1ng ti\\u1ebfng Vi\\u1ec7t.\"}',NULL,'2025-09-21 00:11:08','2025-09-21 00:11:08'),('f23976d7-ec20-4145-83b0-703601502155','App\\Notifications\\GeneralNotification','App\\Models\\User',14,'{\"message\":\"Th\\u00f4ng b\\u00e1o 36 b\\u1eb1ng ti\\u1ebfng Vi\\u1ec7t.\"}',NULL,'2025-09-21 00:11:08','2025-09-21 00:11:08');
/*!40000 ALTER TABLE `notifications` ENABLE KEYS */;
UNLOCK TABLES;

--
-- Table structure for table `orders`
--

DROP TABLE IF EXISTS `orders`;
/*!40101 SET @saved_cs_client     = @@character_set_client */;
/*!50503 SET character_set_client = utf8mb4 */;
CREATE TABLE `orders` (
  `id` bigint unsigned NOT NULL AUTO_INCREMENT,
  `order_number` varchar(191) COLLATE utf8mb4_unicode_ci NOT NULL,
  `user_id` bigint unsigned DEFAULT NULL,
  `sub_total` decimal(15,2) unsigned NOT NULL,
  `shipping_id` bigint unsigned DEFAULT NULL,
  `coupon` decimal(12,2) unsigned DEFAULT NULL,
  `total_amount` decimal(15,2) unsigned NOT NULL,
  `quantity` int NOT NULL,
  `payment_method` enum('cod','paypal') COLLATE utf8mb4_unicode_ci NOT NULL DEFAULT 'cod',
  `payment_status` enum('paid','unpaid') COLLATE utf8mb4_unicode_ci NOT NULL DEFAULT 'unpaid',
  `status` enum('new','process','delivered','cancel') COLLATE utf8mb4_unicode_ci NOT NULL DEFAULT 'new',
  `first_name` varchar(191) COLLATE utf8mb4_unicode_ci NOT NULL,
  `last_name` varchar(191) COLLATE utf8mb4_unicode_ci NOT NULL,
  `email` varchar(191) COLLATE utf8mb4_unicode_ci NOT NULL,
  `phone` varchar(191) COLLATE utf8mb4_unicode_ci NOT NULL,
  `country` varchar(191) COLLATE utf8mb4_unicode_ci NOT NULL,
  `post_code` varchar(191) COLLATE utf8mb4_unicode_ci DEFAULT NULL,
  `address1` text COLLATE utf8mb4_unicode_ci NOT NULL,
  `address2` text COLLATE utf8mb4_unicode_ci,
  `created_at` timestamp NULL DEFAULT NULL,
  `updated_at` timestamp NULL DEFAULT NULL,
  PRIMARY KEY (`id`),
  UNIQUE KEY `orders_order_number_unique` (`order_number`),
  KEY `orders_user_id_foreign` (`user_id`),
  KEY `orders_shipping_id_foreign` (`shipping_id`),
  CONSTRAINT `orders_shipping_id_foreign` FOREIGN KEY (`shipping_id`) REFERENCES `shippings` (`id`) ON DELETE SET NULL,
  CONSTRAINT `orders_user_id_foreign` FOREIGN KEY (`user_id`) REFERENCES `users` (`id`) ON DELETE SET NULL
) ENGINE=InnoDB AUTO_INCREMENT=51 DEFAULT CHARSET=utf8mb4 COLLATE=utf8mb4_unicode_ci;
/*!40101 SET character_set_client = @saved_cs_client */;

--
-- Dumping data for table `orders`
--

LOCK TABLES `orders` WRITE;
/*!40000 ALTER TABLE `orders` DISABLE KEYS */;
INSERT INTO `orders` VALUES (1,'ORD-00001',1,128607260.00,4,NULL,128751116.00,10,'cod','unpaid','new','Tên 1','Họ 1','order1@example.com','0123456781','Việt Nam','100001','Địa chỉ 1 1','Địa chỉ 2 1','2025-09-21 00:11:08','2025-09-21 00:11:08'),(2,'ORD-00002',2,167806273.00,21,49.00,167913472.00,10,'paypal','unpaid','new','Tên 2','Họ 2','order2@example.com','0123456782','Việt Nam','100002','Địa chỉ 1 2','Địa chỉ 2 2','2025-09-21 00:11:08','2025-09-21 00:11:08'),(3,'ORD-00003',3,92774702.00,29,28.00,92889559.00,10,'cod','unpaid','new','Tên 3','Họ 3','order3@example.com','0123456783','Việt Nam','100003','Địa chỉ 1 3','Địa chỉ 2 3','2025-09-21 00:11:08','2025-09-21 00:11:08'),(4,'ORD-00004',4,104987940.00,44,45.00,105171452.00,10,'paypal','unpaid','new','Tên 4','Họ 4','order4@example.com','0123456784','Việt Nam','100004','Địa chỉ 1 4','Địa chỉ 2 4','2025-09-21 00:11:08','2025-09-21 00:11:08'),(5,'ORD-00005',5,129199319.00,36,15.00,129275496.00,10,'cod','unpaid','new','Tên 5','Họ 5','order5@example.com','0123456785','Việt Nam','100005','Địa chỉ 1 5','Địa chỉ 2 5','2025-09-21 00:11:08','2025-09-21 00:11:08'),(6,'ORD-00006',6,178072898.00,36,37.00,178149075.00,10,'paypal','unpaid','new','Tên 6','Họ 6','order6@example.com','0123456786','Việt Nam','100006','Địa chỉ 1 6','Địa chỉ 2 6','2025-09-21 00:11:08','2025-09-21 00:11:08'),(7,'ORD-00007',7,146926091.00,19,NULL,147077923.00,10,'paypal','unpaid','new','Tên 7','Họ 7','order7@example.com','0123456787','Việt Nam','100007','Địa chỉ 1 7','Địa chỉ 2 7','2025-09-21 00:11:08','2025-09-21 00:11:08'),(8,'ORD-00008',8,105507495.00,36,NULL,105583672.00,10,'cod','unpaid','new','Tên 8','Họ 8','order8@example.com','0123456788','Việt Nam','100008','Địa chỉ 1 8','Địa chỉ 2 8','2025-09-21 00:11:08','2025-09-21 00:11:08'),(9,'ORD-00009',9,135860349.00,21,NULL,135967548.00,10,'cod','unpaid','new','Tên 9','Họ 9','order9@example.com','0123456789','Việt Nam','100009','Địa chỉ 1 9','Địa chỉ 2 9','2025-09-21 00:11:09','2025-09-21 00:11:09'),(10,'ORD-00010',10,96718269.00,16,NULL,96911421.00,10,'paypal','unpaid','new','Tên 10','Họ 10','order10@example.com','0123456780','Việt Nam','100000','Địa chỉ 1 10','Địa chỉ 2 10','2025-09-21 00:11:09','2025-09-21 00:11:09'),(11,'ORD-00011',11,68869022.00,34,36.00,68961050.00,10,'paypal','unpaid','new','Tên 11','Họ 11','order11@example.com','0123456781','Việt Nam','100001','Địa chỉ 1 11','Địa chỉ 2 11','2025-09-21 00:11:09','2025-09-21 00:11:09'),(12,'ORD-00012',12,114104139.00,21,NULL,114211338.00,10,'cod','unpaid','new','Tên 12','Họ 12','order12@example.com','0123456782','Việt Nam','100002','Địa chỉ 1 12','Địa chỉ 2 12','2025-09-21 00:11:09','2025-09-21 00:11:09'),(13,'ORD-00013',13,189629315.00,15,NULL,189703100.00,10,'cod','unpaid','new','Tên 13','Họ 13','order13@example.com','0123456783','Việt Nam','100003','Địa chỉ 1 13','Địa chỉ 2 13','2025-09-21 00:11:09','2025-09-21 00:11:09'),(14,'ORD-00014',14,181989649.00,46,42.00,182150329.00,10,'cod','unpaid','new','Tên 14','Họ 14','order14@example.com','0123456784','Việt Nam','100004','Địa chỉ 1 14','Địa chỉ 2 14','2025-09-21 00:11:09','2025-09-21 00:11:09'),(15,'ORD-00015',15,150119448.00,34,10.00,150211476.00,10,'paypal','unpaid','new','Tên 15','Họ 15','order15@example.com','0123456785','Việt Nam','100005','Địa chỉ 1 15','Địa chỉ 2 15','2025-09-21 00:11:09','2025-09-21 00:11:09'),(16,'ORD-00016',16,127504489.00,14,45.00,127557890.00,10,'paypal','unpaid','new','Tên 16','Họ 16','order16@example.com','0123456786','Việt Nam','100006','Địa chỉ 1 16','Địa chỉ 2 16','2025-09-21 00:11:09','2025-09-21 00:11:09'),(17,'ORD-00017',17,137248907.00,24,NULL,137364257.00,10,'paypal','unpaid','new','Tên 17','Họ 17','order17@example.com','0123456787','Việt Nam','100007','Địa chỉ 1 17','Địa chỉ 2 17','2025-09-21 00:11:09','2025-09-21 00:11:09'),(18,'ORD-00018',18,145289128.00,7,20.00,145479587.00,10,'cod','unpaid','new','Tên 18','Họ 18','order18@example.com','0123456788','Việt Nam','100008','Địa chỉ 1 18','Địa chỉ 2 18','2025-09-21 00:11:09','2025-09-21 00:11:09'),(19,'ORD-00019',19,184489186.00,50,19.00,184677869.00,10,'paypal','unpaid','new','Tên 19','Họ 19','order19@example.com','0123456789','Việt Nam','100009','Địa chỉ 1 19','Địa chỉ 2 19','2025-09-21 00:11:09','2025-09-21 00:11:09'),(20,'ORD-00020',20,188376165.00,2,NULL,188436889.00,10,'cod','unpaid','new','Tên 20','Họ 20','order20@example.com','0123456780','Việt Nam','100000','Địa chỉ 1 20','Địa chỉ 2 20','2025-09-21 00:11:09','2025-09-21 00:11:09'),(21,'ORD-00021',21,176390754.00,20,14.00,176457696.00,10,'paypal','unpaid','new','Tên 21','Họ 21','order21@example.com','0123456781','Việt Nam','100001','Địa chỉ 1 21','Địa chỉ 2 21','2025-09-21 00:11:09','2025-09-21 00:11:09'),(22,'ORD-00022',22,124597762.00,19,NULL,124749594.00,10,'paypal','unpaid','new','Tên 22','Họ 22','order22@example.com','0123456782','Việt Nam','100002','Địa chỉ 1 22','Địa chỉ 2 22','2025-09-21 00:11:09','2025-09-21 00:11:09'),(23,'ORD-00023',23,177301989.00,41,45.00,177387208.00,10,'paypal','unpaid','new','Tên 23','Họ 23','order23@example.com','0123456783','Việt Nam','100003','Địa chỉ 1 23','Địa chỉ 2 23','2025-09-21 00:11:09','2025-09-21 00:11:09'),(24,'ORD-00024',24,113761512.00,43,NULL,113817283.00,10,'cod','unpaid','new','Tên 24','Họ 24','order24@example.com','0123456784','Việt Nam','100004','Địa chỉ 1 24','Địa chỉ 2 24','2025-09-21 00:11:09','2025-09-21 00:11:09'),(25,'ORD-00025',25,117539644.00,1,NULL,117715027.00,10,'paypal','unpaid','new','Tên 25','Họ 25','order25@example.com','0123456785','Việt Nam','100005','Địa chỉ 1 25','Địa chỉ 2 25','2025-09-21 00:11:09','2025-09-21 00:11:09'),(26,'ORD-00026',26,64313603.00,10,4.00,64364761.00,10,'paypal','unpaid','new','Tên 26','Họ 26','order26@example.com','0123456786','Việt Nam','100006','Địa chỉ 1 26','Địa chỉ 2 26','2025-09-21 00:11:09','2025-09-21 00:11:09'),(27,'ORD-00027',27,98287354.00,46,NULL,98448034.00,10,'paypal','unpaid','new','Tên 27','Họ 27','order27@example.com','0123456787','Việt Nam','100007','Địa chỉ 1 27','Địa chỉ 2 27','2025-09-21 00:11:09','2025-09-21 00:11:09'),(28,'ORD-00028',28,151789487.00,40,50.00,151940464.00,10,'cod','unpaid','new','Tên 28','Họ 28','order28@example.com','0123456788','Việt Nam','100008','Địa chỉ 1 28','Địa chỉ 2 28','2025-09-21 00:11:09','2025-09-21 00:11:09'),(29,'ORD-00029',29,151635781.00,37,23.00,151733779.00,10,'paypal','unpaid','new','Tên 29','Họ 29','order29@example.com','0123456789','Việt Nam','100009','Địa chỉ 1 29','Địa chỉ 2 29','2025-09-21 00:11:09','2025-09-21 00:11:09'),(30,'ORD-00030',30,161611432.00,50,17.00,161800115.00,10,'cod','unpaid','new','Tên 30','Họ 30','order30@example.com','0123456780','Việt Nam','100000','Địa chỉ 1 30','Địa chỉ 2 30','2025-09-21 00:11:09','2025-09-21 00:11:09'),(31,'ORD-00031',31,141934703.00,11,40.00,142103934.00,10,'paypal','unpaid','new','Tên 31','Họ 31','order31@example.com','0123456781','Việt Nam','100001','Địa chỉ 1 31','Địa chỉ 2 31','2025-09-21 00:11:10','2025-09-21 00:11:10'),(32,'ORD-00032',32,97481676.00,24,30.00,97597026.00,10,'cod','unpaid','new','Tên 32','Họ 32','order32@example.com','0123456782','Việt Nam','100002','Địa chỉ 1 32','Địa chỉ 2 32','2025-09-21 00:11:10','2025-09-21 00:11:10'),(33,'ORD-00033',33,156163098.00,18,NULL,156346883.00,10,'cod','unpaid','new','Tên 33','Họ 33','order33@example.com','0123456783','Việt Nam','100003','Địa chỉ 1 33','Địa chỉ 2 33','2025-09-21 00:11:10','2025-09-21 00:11:10'),(34,'ORD-00034',34,161214745.00,24,47.00,161330095.00,10,'paypal','unpaid','new','Tên 34','Họ 34','order34@example.com','0123456784','Việt Nam','100004','Địa chỉ 1 34','Địa chỉ 2 34','2025-09-21 00:11:10','2025-09-21 00:11:10'),(35,'ORD-00035',35,152767259.00,18,NULL,152951044.00,10,'paypal','unpaid','new','Tên 35','Họ 35','order35@example.com','0123456785','Việt Nam','100005','Địa chỉ 1 35','Địa chỉ 2 35','2025-09-21 00:11:10','2025-09-21 00:11:10'),(36,'ORD-00036',36,132134775.00,20,14.00,132201717.00,10,'cod','unpaid','new','Tên 36','Họ 36','order36@example.com','0123456786','Việt Nam','100006','Địa chỉ 1 36','Địa chỉ 2 36','2025-09-21 00:11:10','2025-09-21 00:11:10'),(37,'ORD-00037',37,133502021.00,50,NULL,133690704.00,10,'paypal','unpaid','new','Tên 37','Họ 37','order37@example.com','0123456787','Việt Nam','100007','Địa chỉ 1 37','Địa chỉ 2 37','2025-09-21 00:11:10','2025-09-21 00:11:10'),(38,'ORD-00038',38,174128642.00,50,NULL,174317325.00,10,'cod','unpaid','new','Tên 38','Họ 38','order38@example.com','0123456788','Việt Nam','100008','Địa chỉ 1 38','Địa chỉ 2 38','2025-09-21 00:11:10','2025-09-21 00:11:10'),(39,'ORD-00039',39,162802752.00,17,33.00,162910769.00,10,'cod','unpaid','new','Tên 39','Họ 39','order39@example.com','0123456789','Việt Nam','100009','Địa chỉ 1 39','Địa chỉ 2 39','2025-09-21 00:11:10','2025-09-21 00:11:10'),(40,'ORD-00040',40,130358615.00,29,14.00,130473472.00,10,'paypal','unpaid','new','Tên 40','Họ 40','order40@example.com','0123456780','Việt Nam','100000','Địa chỉ 1 40','Địa chỉ 2 40','2025-09-21 00:11:10','2025-09-21 00:11:10'),(41,'ORD-00041',41,142783711.00,12,7.00,142923925.00,10,'cod','unpaid','new','Tên 41','Họ 41','order41@example.com','0123456781','Việt Nam','100001','Địa chỉ 1 41','Địa chỉ 2 41','2025-09-21 00:11:10','2025-09-21 00:11:10'),(42,'ORD-00042',42,180233423.00,11,NULL,180402654.00,10,'cod','unpaid','new','Tên 42','Họ 42','order42@example.com','0123456782','Việt Nam','100002','Địa chỉ 1 42','Địa chỉ 2 42','2025-09-21 00:11:10','2025-09-21 00:11:10'),(43,'ORD-00043',43,122745182.00,33,NULL,122900666.00,10,'paypal','unpaid','new','Tên 43','Họ 43','order43@example.com','0123456783','Việt Nam','100003','Địa chỉ 1 43','Địa chỉ 2 43','2025-09-21 00:11:10','2025-09-21 00:11:10'),(44,'ORD-00044',44,107830793.00,39,NULL,107920662.00,10,'paypal','unpaid','new','Tên 44','Họ 44','order44@example.com','0123456784','Việt Nam','100004','Địa chỉ 1 44','Địa chỉ 2 44','2025-09-21 00:11:10','2025-09-21 00:11:10'),(45,'ORD-00045',45,211647497.00,47,28.00,211768887.00,10,'cod','unpaid','new','Tên 45','Họ 45','order45@example.com','0123456785','Việt Nam','100005','Địa chỉ 1 45','Địa chỉ 2 45','2025-09-21 00:11:10','2025-09-21 00:11:10'),(46,'ORD-00046',46,111785855.00,35,23.00,111847233.00,10,'paypal','unpaid','new','Tên 46','Họ 46','order46@example.com','0123456786','Việt Nam','100006','Địa chỉ 1 46','Địa chỉ 2 46','2025-09-21 00:11:10','2025-09-21 00:11:10'),(47,'ORD-00047',47,103905560.00,10,27.00,103956718.00,10,'paypal','unpaid','new','Tên 47','Họ 47','order47@example.com','0123456787','Việt Nam','100007','Địa chỉ 1 47','Địa chỉ 2 47','2025-09-21 00:11:10','2025-09-21 00:11:10'),(48,'ORD-00048',48,149005982.00,2,5.00,149066706.00,10,'cod','unpaid','new','Tên 48','Họ 48','order48@example.com','0123456788','Việt Nam','100008','Địa chỉ 1 48','Địa chỉ 2 48','2025-09-21 00:11:10','2025-09-21 00:11:10'),(49,'ORD-00049',49,107111633.00,29,NULL,107226490.00,10,'paypal','unpaid','new','Tên 49','Họ 49','order49@example.com','0123456789','Việt Nam','100009','Địa chỉ 1 49','Địa chỉ 2 49','2025-09-21 00:11:10','2025-09-21 00:11:10'),(50,'ORD-00050',50,121264076.00,35,31.00,121325454.00,10,'paypal','unpaid','new','Tên 50','Họ 50','order50@example.com','0123456780','Việt Nam','100000','Địa chỉ 1 50','Địa chỉ 2 50','2025-09-21 00:11:10','2025-09-21 00:11:10');
/*!40000 ALTER TABLE `orders` ENABLE KEYS */;
UNLOCK TABLES;

--
-- Table structure for table `password_resets`
--

DROP TABLE IF EXISTS `password_resets`;
/*!40101 SET @saved_cs_client     = @@character_set_client */;
/*!50503 SET character_set_client = utf8mb4 */;
CREATE TABLE `password_resets` (
  `email` varchar(191) COLLATE utf8mb4_unicode_ci NOT NULL,
  `token` varchar(191) COLLATE utf8mb4_unicode_ci NOT NULL,
  `created_at` timestamp NULL DEFAULT NULL,
  KEY `password_resets_email_index` (`email`)
) ENGINE=InnoDB DEFAULT CHARSET=utf8mb4 COLLATE=utf8mb4_unicode_ci;
/*!40101 SET character_set_client = @saved_cs_client */;

--
-- Dumping data for table `password_resets`
--

LOCK TABLES `password_resets` WRITE;
/*!40000 ALTER TABLE `password_resets` DISABLE KEYS */;
INSERT INTO `password_resets` VALUES ('reset1@example.com','g0j5yqEtzx8SZ9XHRwtSWlGcE9UsbsvNNnqe6tBUQgTNTlkY2UscZz7g5Ypa','2025-09-21 00:11:11'),('reset2@example.com','VnYY32qKFdZzDkMamWXM3cj7N3Zi4mTplEcURwvlOUx8gBMCweXVFNalVmwu','2025-09-21 00:11:11'),('reset3@example.com','0NL3TRFyAkOdvx3K35VolhXCeKpLdWMtnFcJVgzj88TMLdZXXUtevfgnYdPw','2025-09-21 00:11:11'),('reset4@example.com','mGj9fHXtGdN3udbJV9acc4G4N7XhXZyZIME9nsKSrAevbL4l7ocEqxIV3kCT','2025-09-21 00:11:11'),('reset5@example.com','DD0T9doYzrCquOKGSD9B1J0bp3zQUT9qhIAAYMcISD5q6M9hec2ftIw8Buw9','2025-09-21 00:11:11'),('reset6@example.com','QmkoGAeosVU0guH3J1Gz7ayOM84IFbhA52HUVHFCZfSwIWFcRPiYZN9XnqTi','2025-09-21 00:11:11'),('reset7@example.com','LQ9H5GSgzMmKErq3XtQD888TnGqtemLT4djnNyeB69oB6S5C0cP36bBXMJte','2025-09-21 00:11:11'),('reset8@example.com','DvXgxbPMu7zI3WvHLoTAD7NHyVgQ5M6t9IpEoYEAAjmeS2oT60KJemnNg6c2','2025-09-21 00:11:11'),('reset9@example.com','Dn0h8TCcmIelMyjKXTrb1DcRHUAOrqcGkPX4QijX0gEbyibhs2qcColntJsB','2025-09-21 00:11:11'),('reset10@example.com','DC56N6RPyQuvWv1xudkCaeS2t8wxPQQtc8bC88oPplKP9IGUa0SoCGtdKDUJ','2025-09-21 00:11:11'),('reset11@example.com','TpsynhGy6MtmZup4ZruMNmjnoDZTtxFzz7Lg4gzPgjaT32gIvkVlXdC44nt5','2025-09-21 00:11:11'),('reset12@example.com','ORgg6bAFJzWBuWp9lG9V7e3AnCUCiqSdSZCWwfbR6IxnUCKYt60ZVMQEfToz','2025-09-21 00:11:11'),('reset13@example.com','Ist4ZUNv8D9uZtdrfr384TAGO6WmCuV2Z3LO6VfIGyt4xHZTKHgEzxMW6pEd','2025-09-21 00:11:11'),('reset14@example.com','GOANiw0EyTBDa51wC6dT3B99M46TSznp03ytS5LjqgR7P8ojY1nbeonNDhKe','2025-09-21 00:11:11'),('reset15@example.com','po40GvMGkEW0bPJK0IikkREfXJn8kYwOFSRcnC0n3kH55fT4QUWLK8ABjPgY','2025-09-21 00:11:11'),('reset16@example.com','7kZ1w8KE2QnaCyFJw3IILYCPJFeRgJF0LpkXZaJ7qkY3NFu4fUEjyRniFmBf','2025-09-21 00:11:11'),('reset17@example.com','QzebPk9orUJwpFN6JThw5qdOiUil4D9TvO1FIuRlqskbPKqEQzzTGEe4pHSJ','2025-09-21 00:11:11'),('reset18@example.com','84OK6KLOvFeJH7QlSNfNDoNkWB0h3z0KPEDWmy9Kg3A1SsGfIrESWGcTZeOW','2025-09-21 00:11:11'),('reset19@example.com','0ghTkn6tlfzNGspxt3QQwZnYi22fs3J9xlWO5OlDfccG2BRnOfuidgzCbxqF','2025-09-21 00:11:11'),('reset20@example.com','zReMljS7Lve4UoZXhA3wHYV9bPbE8td8hP5QxktcXmc4LESSr8UACXODXTn0','2025-09-21 00:11:11'),('reset21@example.com','csKTTFWpiznsyZetPZJCnYOeo24WoPRSWcNdsL0oUeHrkzJwvYwIOhuIrZN8','2025-09-21 00:11:11'),('reset22@example.com','KaJuYl06ZSypp5hpw1FbLrzXamZQ0aPbMVMgYl1RVZpGHGjYMvdWB57YF6Ko','2025-09-21 00:11:11'),('reset23@example.com','7ioWRJ5TG2vD9X23jfbJpk7vqr2mJzNNqGCwqaC2jjVPkHCsHGapaAipuWg4','2025-09-21 00:11:11'),('reset24@example.com','FjXNLbhy0y14M528Fo4RPZ7xipkokzeedHWs5LsbMkKQxV3NEvsyxmjpir8R','2025-09-21 00:11:11'),('reset25@example.com','RLOxe3LuHje59JIa38NJA1kRAvHnjcWeuNU2AxmtIuVq5seiyf9Xp570vjf0','2025-09-21 00:11:11'),('reset26@example.com','neUhkXRMpCMh11nFmWfwHLsZns6AFe1XsWerSa4fCexXQiMrbAoXpeVipVgB','2025-09-21 00:11:11'),('reset27@example.com','vVyBBTVuhElxXZQY7FmdQe02hbyL4KiYeP3vZNlwUGduwfoCwZlpZq61G5DJ','2025-09-21 00:11:11'),('reset28@example.com','O01xmRIsH34tHPhwtSDrblgQVQ5GoF0aAatfAduI7PONUlcePJVDmrbuJ95A','2025-09-21 00:11:11'),('reset29@example.com','LKQZPFBgDD2TFPR6nHYiZezR2OWEcTosvgX5Jp5xPjjb6g2VmDVbMMtCKIwZ','2025-09-21 00:11:11'),('reset30@example.com','hKoIznr9jOSPGQJpiK0OzP7v68Lz9Eu3rJVRfahWvdAnPEgc8lbydDNclIuk','2025-09-21 00:11:11'),('reset31@example.com','71zM5wLPaSkeGNIYay8IMIosnkfXFAGrNPclrZTlsBOyOe8ZXg6EfQuStCu9','2025-09-21 00:11:11'),('reset32@example.com','xZRqBtYbA1n62KU38XZEcuwRZHWRhiiSZjwOwUKPYxb1qnjZLD9szGBTBhO5','2025-09-21 00:11:11'),('reset33@example.com','C4bMpCvr80S78JZowLm1nA9tGjTv7jiKIDymVNX0uZj9z39gpaTSWnJnA07x','2025-09-21 00:11:11'),('reset34@example.com','31AXcFB1jYPGo6WJvs0SDzoVoVtLuKW9lBgUSy7yVF2HldIldJ8ewtj4uoEA','2025-09-21 00:11:11'),('reset35@example.com','3996Uz9IDGacwMVOgBIOngPdSel9SShy2jwZdXpTcZIobEFCtkB4mPDse66H','2025-09-21 00:11:11'),('reset36@example.com','OW2xfd0KRQlly5Dl15fgVLVK9itjU3jBNgyKEChDDfBRRRTMdTXmFjgkSX6k','2025-09-21 00:11:11'),('reset37@example.com','y9tzpaYVpGqB0RsKldKmiamd1RizlapwEstNzrfQnT0vc4hQjVl1JbxBSgEP','2025-09-21 00:11:11'),('reset38@example.com','BlEanDGXi8s4EI2PbgUQcTQ9PalHJOuj99cSLMUDqKSOdCf0QWNQagspgeJJ','2025-09-21 00:11:11'),('reset39@example.com','vOHdq4gGvOF5GxfmknmwkmWn3Jj61HBECKGdRGBFEzNAL9YsFSX4Wa2O6b9Q','2025-09-21 00:11:11'),('reset40@example.com','OEjarfucnNXzg5GDyCC2qKm9YTybPmhHFF40JQCzw6Eue7pxqxTUUND3V88S','2025-09-21 00:11:11'),('reset41@example.com','XXgqkaJ2V65sUjXkpI5XkKWPLqjRwt3yZabXvnSXDYRDwc8AvV8CyDKjoSvl','2025-09-21 00:11:11'),('reset42@example.com','uEf1LVXUUKRmzHcPbT4KMqkY1SXoOwkYvKf4QJITHrpdoDu46NVQw6VUuWJY','2025-09-21 00:11:11'),('reset43@example.com','1HTOIzAtkwwNc4bCIwZBOaXylHMqbgbBj1wUqJ0tWeCeMj5NEBAD5Quf5aN4','2025-09-21 00:11:11'),('reset44@example.com','cqFQ2vfxwVNhOeWL6nFV3ZyPdXbYOJtt1cSxI3DsBPxRAlU6HUXj6xxPzHCB','2025-09-21 00:11:11'),('reset45@example.com','WWx6R2DeKMLpli9nXfMhiDWGpJF0CiZNm1gwyUnSyDjn26QaCFmmqMOSr9kk','2025-09-21 00:11:11'),('reset46@example.com','tqbZcPgorZMxSAg3p2MbcC452CTrYi3XGY3TBPvNFdEED0TnV8hQybY42yQM','2025-09-21 00:11:11'),('reset47@example.com','7yyyd52M9dhjLPC6T6seFvFc2leGxI3KhxBAzYXF0uKTjahQc1hZOfM2SdoT','2025-09-21 00:11:11'),('reset48@example.com','9JFngKSFbLEG0kGx6qfg7dSHQaBvWuxzJhJMXGI1P2VeOugACswrEepJgkfV','2025-09-21 00:11:11'),('reset49@example.com','fz4Fw8XoWTCXS8mBknk4eRjG73BJrLRDPWk2BSHFcM4Ib3jxFPKgjLMmA33n','2025-09-21 00:11:11'),('reset50@example.com','c4p8eNADThWLny5EGWvgKaAuH4aAgzxM5d7okw26NwPCxfPTnThn7oRbIvpa','2025-09-21 00:11:11');
/*!40000 ALTER TABLE `password_resets` ENABLE KEYS */;
UNLOCK TABLES;

--
-- Table structure for table `personal_access_tokens`
--

DROP TABLE IF EXISTS `personal_access_tokens`;
/*!40101 SET @saved_cs_client     = @@character_set_client */;
/*!50503 SET character_set_client = utf8mb4 */;
CREATE TABLE `personal_access_tokens` (
  `id` bigint unsigned NOT NULL AUTO_INCREMENT,
  `tokenable_type` varchar(191) COLLATE utf8mb4_unicode_ci NOT NULL,
  `tokenable_id` bigint unsigned NOT NULL,
  `name` varchar(191) COLLATE utf8mb4_unicode_ci NOT NULL,
  `token` varchar(64) COLLATE utf8mb4_unicode_ci NOT NULL,
  `abilities` text COLLATE utf8mb4_unicode_ci,
  `last_used_at` timestamp NULL DEFAULT NULL,
  `expires_at` timestamp NULL DEFAULT NULL,
  `created_at` timestamp NULL DEFAULT NULL,
  `updated_at` timestamp NULL DEFAULT NULL,
  PRIMARY KEY (`id`),
  UNIQUE KEY `personal_access_tokens_token_unique` (`token`),
  KEY `personal_access_tokens_tokenable_type_tokenable_id_index` (`tokenable_type`,`tokenable_id`)
) ENGINE=InnoDB DEFAULT CHARSET=utf8mb4 COLLATE=utf8mb4_unicode_ci;
/*!40101 SET character_set_client = @saved_cs_client */;

--
-- Dumping data for table `personal_access_tokens`
--

LOCK TABLES `personal_access_tokens` WRITE;
/*!40000 ALTER TABLE `personal_access_tokens` DISABLE KEYS */;
/*!40000 ALTER TABLE `personal_access_tokens` ENABLE KEYS */;
UNLOCK TABLES;

--
-- Table structure for table `post_categories`
--

DROP TABLE IF EXISTS `post_categories`;
/*!40101 SET @saved_cs_client     = @@character_set_client */;
/*!50503 SET character_set_client = utf8mb4 */;
CREATE TABLE `post_categories` (
  `id` bigint unsigned NOT NULL AUTO_INCREMENT,
  `title` varchar(191) COLLATE utf8mb4_unicode_ci NOT NULL,
  `slug` varchar(191) COLLATE utf8mb4_unicode_ci NOT NULL,
  `status` enum('active','inactive') COLLATE utf8mb4_unicode_ci NOT NULL DEFAULT 'active',
  `created_at` timestamp NULL DEFAULT NULL,
  `updated_at` timestamp NULL DEFAULT NULL,
  PRIMARY KEY (`id`),
  UNIQUE KEY `post_categories_slug_unique` (`slug`)
) ENGINE=InnoDB AUTO_INCREMENT=51 DEFAULT CHARSET=utf8mb4 COLLATE=utf8mb4_unicode_ci;
/*!40101 SET character_set_client = @saved_cs_client */;

--
-- Dumping data for table `post_categories`
--

LOCK TABLES `post_categories` WRITE;
/*!40000 ALTER TABLE `post_categories` DISABLE KEYS */;
INSERT INTO `post_categories` VALUES (1,'Danh mục bài viết 1','danh-muc-bai-viet-1','active','2025-09-21 00:11:07','2025-09-21 00:11:07'),(2,'Danh mục bài viết 2','danh-muc-bai-viet-2','active','2025-09-21 00:11:07','2025-09-21 00:11:07'),(3,'Danh mục bài viết 3','danh-muc-bai-viet-3','active','2025-09-21 00:11:07','2025-09-21 00:11:07'),(4,'Danh mục bài viết 4','danh-muc-bai-viet-4','active','2025-09-21 00:11:07','2025-09-21 00:11:07'),(5,'Danh mục bài viết 5','danh-muc-bai-viet-5','active','2025-09-21 00:11:07','2025-09-21 00:11:07'),(6,'Danh mục bài viết 6','danh-muc-bai-viet-6','active','2025-09-21 00:11:07','2025-09-21 00:11:07'),(7,'Danh mục bài viết 7','danh-muc-bai-viet-7','active','2025-09-21 00:11:07','2025-09-21 00:11:07'),(8,'Danh mục bài viết 8','danh-muc-bai-viet-8','active','2025-09-21 00:11:07','2025-09-21 00:11:07'),(9,'Danh mục bài viết 9','danh-muc-bai-viet-9','active','2025-09-21 00:11:07','2025-09-21 00:11:07'),(10,'Danh mục bài viết 10','danh-muc-bai-viet-10','active','2025-09-21 00:11:07','2025-09-21 00:11:07'),(11,'Danh mục bài viết 11','danh-muc-bai-viet-11','active','2025-09-21 00:11:07','2025-09-21 00:11:07'),(12,'Danh mục bài viết 12','danh-muc-bai-viet-12','active','2025-09-21 00:11:07','2025-09-21 00:11:07'),(13,'Danh mục bài viết 13','danh-muc-bai-viet-13','active','2025-09-21 00:11:07','2025-09-21 00:11:07'),(14,'Danh mục bài viết 14','danh-muc-bai-viet-14','active','2025-09-21 00:11:07','2025-09-21 00:11:07'),(15,'Danh mục bài viết 15','danh-muc-bai-viet-15','active','2025-09-21 00:11:07','2025-09-21 00:11:07'),(16,'Danh mục bài viết 16','danh-muc-bai-viet-16','active','2025-09-21 00:11:07','2025-09-21 00:11:07'),(17,'Danh mục bài viết 17','danh-muc-bai-viet-17','active','2025-09-21 00:11:07','2025-09-21 00:11:07'),(18,'Danh mục bài viết 18','danh-muc-bai-viet-18','active','2025-09-21 00:11:07','2025-09-21 00:11:07'),(19,'Danh mục bài viết 19','danh-muc-bai-viet-19','active','2025-09-21 00:11:07','2025-09-21 00:11:07'),(20,'Danh mục bài viết 20','danh-muc-bai-viet-20','active','2025-09-21 00:11:07','2025-09-21 00:11:07'),(21,'Danh mục bài viết 21','danh-muc-bai-viet-21','active','2025-09-21 00:11:07','2025-09-21 00:11:07'),(22,'Danh mục bài viết 22','danh-muc-bai-viet-22','active','2025-09-21 00:11:07','2025-09-21 00:11:07'),(23,'Danh mục bài viết 23','danh-muc-bai-viet-23','active','2025-09-21 00:11:07','2025-09-21 00:11:07'),(24,'Danh mục bài viết 24','danh-muc-bai-viet-24','active','2025-09-21 00:11:07','2025-09-21 00:11:07'),(25,'Danh mục bài viết 25','danh-muc-bai-viet-25','active','2025-09-21 00:11:07','2025-09-21 00:11:07'),(26,'Danh mục bài viết 26','danh-muc-bai-viet-26','active','2025-09-21 00:11:07','2025-09-21 00:11:07'),(27,'Danh mục bài viết 27','danh-muc-bai-viet-27','active','2025-09-21 00:11:07','2025-09-21 00:11:07'),(28,'Danh mục bài viết 28','danh-muc-bai-viet-28','active','2025-09-21 00:11:07','2025-09-21 00:11:07'),(29,'Danh mục bài viết 29','danh-muc-bai-viet-29','active','2025-09-21 00:11:07','2025-09-21 00:11:07'),(30,'Danh mục bài viết 30','danh-muc-bai-viet-30','active','2025-09-21 00:11:07','2025-09-21 00:11:07'),(31,'Danh mục bài viết 31','danh-muc-bai-viet-31','active','2025-09-21 00:11:07','2025-09-21 00:11:07'),(32,'Danh mục bài viết 32','danh-muc-bai-viet-32','active','2025-09-21 00:11:07','2025-09-21 00:11:07'),(33,'Danh mục bài viết 33','danh-muc-bai-viet-33','active','2025-09-21 00:11:07','2025-09-21 00:11:07'),(34,'Danh mục bài viết 34','danh-muc-bai-viet-34','active','2025-09-21 00:11:07','2025-09-21 00:11:07'),(35,'Danh mục bài viết 35','danh-muc-bai-viet-35','active','2025-09-21 00:11:07','2025-09-21 00:11:07'),(36,'Danh mục bài viết 36','danh-muc-bai-viet-36','active','2025-09-21 00:11:07','2025-09-21 00:11:07'),(37,'Danh mục bài viết 37','danh-muc-bai-viet-37','active','2025-09-21 00:11:07','2025-09-21 00:11:07'),(38,'Danh mục bài viết 38','danh-muc-bai-viet-38','active','2025-09-21 00:11:07','2025-09-21 00:11:07'),(39,'Danh mục bài viết 39','danh-muc-bai-viet-39','active','2025-09-21 00:11:07','2025-09-21 00:11:07'),(40,'Danh mục bài viết 40','danh-muc-bai-viet-40','active','2025-09-21 00:11:07','2025-09-21 00:11:07'),(41,'Danh mục bài viết 41','danh-muc-bai-viet-41','active','2025-09-21 00:11:07','2025-09-21 00:11:07'),(42,'Danh mục bài viết 42','danh-muc-bai-viet-42','active','2025-09-21 00:11:07','2025-09-21 00:11:07'),(43,'Danh mục bài viết 43','danh-muc-bai-viet-43','active','2025-09-21 00:11:07','2025-09-21 00:11:07'),(44,'Danh mục bài viết 44','danh-muc-bai-viet-44','active','2025-09-21 00:11:07','2025-09-21 00:11:07'),(45,'Danh mục bài viết 45','danh-muc-bai-viet-45','active','2025-09-21 00:11:07','2025-09-21 00:11:07'),(46,'Danh mục bài viết 46','danh-muc-bai-viet-46','active','2025-09-21 00:11:07','2025-09-21 00:11:07'),(47,'Danh mục bài viết 47','danh-muc-bai-viet-47','active','2025-09-21 00:11:07','2025-09-21 00:11:07'),(48,'Danh mục bài viết 48','danh-muc-bai-viet-48','active','2025-09-21 00:11:07','2025-09-21 00:11:07'),(49,'Danh mục bài viết 49','danh-muc-bai-viet-49','active','2025-09-21 00:11:07','2025-09-21 00:11:07'),(50,'Danh mục bài viết 50','danh-muc-bai-viet-50','active','2025-09-21 00:11:07','2025-09-21 00:11:07');
/*!40000 ALTER TABLE `post_categories` ENABLE KEYS */;
UNLOCK TABLES;

--
-- Table structure for table `post_comments`
--

DROP TABLE IF EXISTS `post_comments`;
/*!40101 SET @saved_cs_client     = @@character_set_client */;
/*!50503 SET character_set_client = utf8mb4 */;
CREATE TABLE `post_comments` (
  `id` bigint unsigned NOT NULL AUTO_INCREMENT,
  `user_id` bigint unsigned DEFAULT NULL,
  `post_id` bigint unsigned DEFAULT NULL,
  `comment` text COLLATE utf8mb4_unicode_ci NOT NULL,
  `status` enum('active','inactive') COLLATE utf8mb4_unicode_ci NOT NULL DEFAULT 'active',
  `replied_comment` text COLLATE utf8mb4_unicode_ci,
  `parent_id` bigint unsigned DEFAULT NULL,
  `created_at` timestamp NULL DEFAULT NULL,
  `updated_at` timestamp NULL DEFAULT NULL,
  PRIMARY KEY (`id`),
  KEY `post_comments_user_id_foreign` (`user_id`),
  KEY `post_comments_post_id_foreign` (`post_id`),
  CONSTRAINT `post_comments_post_id_foreign` FOREIGN KEY (`post_id`) REFERENCES `posts` (`id`) ON DELETE SET NULL,
  CONSTRAINT `post_comments_user_id_foreign` FOREIGN KEY (`user_id`) REFERENCES `users` (`id`) ON DELETE SET NULL
) ENGINE=InnoDB AUTO_INCREMENT=51 DEFAULT CHARSET=utf8mb4 COLLATE=utf8mb4_unicode_ci;
/*!40101 SET character_set_client = @saved_cs_client */;

--
-- Dumping data for table `post_comments`
--

LOCK TABLES `post_comments` WRITE;
/*!40000 ALTER TABLE `post_comments` DISABLE KEYS */;
INSERT INTO `post_comments` VALUES (1,46,4,'Bình luận bài viết 1','active',NULL,0,'2025-09-21 00:11:11','2025-09-21 00:11:11'),(2,29,33,'Bình luận bài viết 2','active',NULL,1,'2025-09-21 00:11:11','2025-09-21 00:11:11'),(3,26,8,'Bình luận bài viết 3','active',NULL,NULL,'2025-09-21 00:11:11','2025-09-21 00:11:11'),(4,19,42,'Bình luận bài viết 4','active','Trả lời bình luận trước',NULL,'2025-09-21 00:11:11','2025-09-21 00:11:11'),(5,44,46,'Bình luận bài viết 5','active',NULL,2,'2025-09-21 00:11:11','2025-09-21 00:11:11'),(6,39,19,'Bình luận bài viết 6','active','Trả lời bình luận trước',NULL,'2025-09-21 00:11:11','2025-09-21 00:11:11'),(7,11,47,'Bình luận bài viết 7','active','Trả lời bình luận trước',5,'2025-09-21 00:11:11','2025-09-21 00:11:11'),(8,15,50,'Bình luận bài viết 8','active','Trả lời bình luận trước',NULL,'2025-09-21 00:11:11','2025-09-21 00:11:11'),(9,47,33,'Bình luận bài viết 9','active',NULL,NULL,'2025-09-21 00:11:11','2025-09-21 00:11:11'),(10,30,26,'Bình luận bài viết 10','active','Trả lời bình luận trước',NULL,'2025-09-21 00:11:11','2025-09-21 00:11:11'),(11,28,11,'Bình luận bài viết 11','active','Trả lời bình luận trước',NULL,'2025-09-21 00:11:11','2025-09-21 00:11:11'),(12,47,17,'Bình luận bài viết 12','active',NULL,5,'2025-09-21 00:11:11','2025-09-21 00:11:11'),(13,8,49,'Bình luận bài viết 13','active',NULL,12,'2025-09-21 00:11:11','2025-09-21 00:11:11'),(14,35,40,'Bình luận bài viết 14','active',NULL,NULL,'2025-09-21 00:11:11','2025-09-21 00:11:11'),(15,33,44,'Bình luận bài viết 15','active',NULL,13,'2025-09-21 00:11:11','2025-09-21 00:11:11'),(16,47,41,'Bình luận bài viết 16','active','Trả lời bình luận trước',NULL,'2025-09-21 00:11:11','2025-09-21 00:11:11'),(17,9,49,'Bình luận bài viết 17','active',NULL,12,'2025-09-21 00:11:11','2025-09-21 00:11:11'),(18,46,31,'Bình luận bài viết 18','active',NULL,7,'2025-09-21 00:11:11','2025-09-21 00:11:11'),(19,37,45,'Bình luận bài viết 19','active','Trả lời bình luận trước',NULL,'2025-09-21 00:11:11','2025-09-21 00:11:11'),(20,2,21,'Bình luận bài viết 20','active',NULL,15,'2025-09-21 00:11:11','2025-09-21 00:11:11'),(21,14,35,'Bình luận bài viết 21','active','Trả lời bình luận trước',10,'2025-09-21 00:11:11','2025-09-21 00:11:11'),(22,9,10,'Bình luận bài viết 22','active',NULL,13,'2025-09-21 00:11:11','2025-09-21 00:11:11'),(23,49,25,'Bình luận bài viết 23','active',NULL,14,'2025-09-21 00:11:11','2025-09-21 00:11:11'),(24,45,42,'Bình luận bài viết 24','active','Trả lời bình luận trước',NULL,'2025-09-21 00:11:11','2025-09-21 00:11:11'),(25,13,21,'Bình luận bài viết 25','active','Trả lời bình luận trước',9,'2025-09-21 00:11:11','2025-09-21 00:11:11'),(26,9,40,'Bình luận bài viết 26','active',NULL,8,'2025-09-21 00:11:11','2025-09-21 00:11:11'),(27,43,5,'Bình luận bài viết 27','active','Trả lời bình luận trước',16,'2025-09-21 00:11:11','2025-09-21 00:11:11'),(28,46,2,'Bình luận bài viết 28','active',NULL,NULL,'2025-09-21 00:11:11','2025-09-21 00:11:11'),(29,34,30,'Bình luận bài viết 29','active','Trả lời bình luận trước',4,'2025-09-21 00:11:11','2025-09-21 00:11:11'),(30,28,13,'Bình luận bài viết 30','active',NULL,NULL,'2025-09-21 00:11:11','2025-09-21 00:11:11'),(31,13,29,'Bình luận bài viết 31','active','Trả lời bình luận trước',18,'2025-09-21 00:11:11','2025-09-21 00:11:11'),(32,35,30,'Bình luận bài viết 32','active','Trả lời bình luận trước',12,'2025-09-21 00:11:11','2025-09-21 00:11:11'),(33,46,5,'Bình luận bài viết 33','active','Trả lời bình luận trước',30,'2025-09-21 00:11:11','2025-09-21 00:11:11'),(34,18,39,'Bình luận bài viết 34','active',NULL,22,'2025-09-21 00:11:11','2025-09-21 00:11:11'),(35,43,24,'Bình luận bài viết 35','active','Trả lời bình luận trước',15,'2025-09-21 00:11:11','2025-09-21 00:11:11'),(36,29,23,'Bình luận bài viết 36','active','Trả lời bình luận trước',28,'2025-09-21 00:11:11','2025-09-21 00:11:11'),(37,21,7,'Bình luận bài viết 37','active','Trả lời bình luận trước',NULL,'2025-09-21 00:11:11','2025-09-21 00:11:11'),(38,5,13,'Bình luận bài viết 38','active',NULL,NULL,'2025-09-21 00:11:11','2025-09-21 00:11:11'),(39,47,31,'Bình luận bài viết 39','active','Trả lời bình luận trước',NULL,'2025-09-21 00:11:11','2025-09-21 00:11:11'),(40,10,30,'Bình luận bài viết 40','active','Trả lời bình luận trước',NULL,'2025-09-21 00:11:11','2025-09-21 00:11:11'),(41,7,21,'Bình luận bài viết 41','active','Trả lời bình luận trước',NULL,'2025-09-21 00:11:11','2025-09-21 00:11:11'),(42,33,28,'Bình luận bài viết 42','active','Trả lời bình luận trước',NULL,'2025-09-21 00:11:11','2025-09-21 00:11:11'),(43,1,44,'Bình luận bài viết 43','active','Trả lời bình luận trước',30,'2025-09-21 00:11:11','2025-09-21 00:11:11'),(44,39,38,'Bình luận bài viết 44','active',NULL,NULL,'2025-09-21 00:11:11','2025-09-21 00:11:11'),(45,14,37,'Bình luận bài viết 45','active','Trả lời bình luận trước',NULL,'2025-09-21 00:11:11','2025-09-21 00:11:11'),(46,20,20,'Bình luận bài viết 46','active','Trả lời bình luận trước',31,'2025-09-21 00:11:11','2025-09-21 00:11:11'),(47,48,10,'Bình luận bài viết 47','active',NULL,NULL,'2025-09-21 00:11:11','2025-09-21 00:11:11'),(48,14,49,'Bình luận bài viết 48','active',NULL,NULL,'2025-09-21 00:11:11','2025-09-21 00:11:11'),(49,7,29,'Bình luận bài viết 49','active',NULL,NULL,'2025-09-21 00:11:11','2025-09-21 00:11:11'),(50,47,43,'Bình luận bài viết 50','active','Trả lời bình luận trước',29,'2025-09-21 00:11:11','2025-09-21 00:11:11');
/*!40000 ALTER TABLE `post_comments` ENABLE KEYS */;
UNLOCK TABLES;

--
-- Table structure for table `post_tags`
--

DROP TABLE IF EXISTS `post_tags`;
/*!40101 SET @saved_cs_client     = @@character_set_client */;
/*!50503 SET character_set_client = utf8mb4 */;
CREATE TABLE `post_tags` (
  `id` bigint unsigned NOT NULL AUTO_INCREMENT,
  `title` varchar(191) COLLATE utf8mb4_unicode_ci NOT NULL,
  `slug` varchar(191) COLLATE utf8mb4_unicode_ci NOT NULL,
  `status` enum('active','inactive') COLLATE utf8mb4_unicode_ci NOT NULL DEFAULT 'active',
  `created_at` timestamp NULL DEFAULT NULL,
  `updated_at` timestamp NULL DEFAULT NULL,
  PRIMARY KEY (`id`),
  UNIQUE KEY `post_tags_slug_unique` (`slug`)
) ENGINE=InnoDB AUTO_INCREMENT=51 DEFAULT CHARSET=utf8mb4 COLLATE=utf8mb4_unicode_ci;
/*!40101 SET character_set_client = @saved_cs_client */;

--
-- Dumping data for table `post_tags`
--

LOCK TABLES `post_tags` WRITE;
/*!40000 ALTER TABLE `post_tags` DISABLE KEYS */;
INSERT INTO `post_tags` VALUES (1,'Thẻ bài viết 1','the-bai-viet-1','active','2025-09-21 00:11:07','2025-09-21 00:11:07'),(2,'Thẻ bài viết 2','the-bai-viet-2','active','2025-09-21 00:11:07','2025-09-21 00:11:07'),(3,'Thẻ bài viết 3','the-bai-viet-3','active','2025-09-21 00:11:07','2025-09-21 00:11:07'),(4,'Thẻ bài viết 4','the-bai-viet-4','active','2025-09-21 00:11:07','2025-09-21 00:11:07'),(5,'Thẻ bài viết 5','the-bai-viet-5','active','2025-09-21 00:11:07','2025-09-21 00:11:07'),(6,'Thẻ bài viết 6','the-bai-viet-6','active','2025-09-21 00:11:07','2025-09-21 00:11:07'),(7,'Thẻ bài viết 7','the-bai-viet-7','active','2025-09-21 00:11:07','2025-09-21 00:11:07'),(8,'Thẻ bài viết 8','the-bai-viet-8','active','2025-09-21 00:11:07','2025-09-21 00:11:07'),(9,'Thẻ bài viết 9','the-bai-viet-9','active','2025-09-21 00:11:07','2025-09-21 00:11:07'),(10,'Thẻ bài viết 10','the-bai-viet-10','active','2025-09-21 00:11:07','2025-09-21 00:11:07'),(11,'Thẻ bài viết 11','the-bai-viet-11','active','2025-09-21 00:11:07','2025-09-21 00:11:07'),(12,'Thẻ bài viết 12','the-bai-viet-12','active','2025-09-21 00:11:07','2025-09-21 00:11:07'),(13,'Thẻ bài viết 13','the-bai-viet-13','active','2025-09-21 00:11:07','2025-09-21 00:11:07'),(14,'Thẻ bài viết 14','the-bai-viet-14','active','2025-09-21 00:11:07','2025-09-21 00:11:07'),(15,'Thẻ bài viết 15','the-bai-viet-15','active','2025-09-21 00:11:07','2025-09-21 00:11:07'),(16,'Thẻ bài viết 16','the-bai-viet-16','active','2025-09-21 00:11:07','2025-09-21 00:11:07'),(17,'Thẻ bài viết 17','the-bai-viet-17','active','2025-09-21 00:11:07','2025-09-21 00:11:07'),(18,'Thẻ bài viết 18','the-bai-viet-18','active','2025-09-21 00:11:07','2025-09-21 00:11:07'),(19,'Thẻ bài viết 19','the-bai-viet-19','active','2025-09-21 00:11:07','2025-09-21 00:11:07'),(20,'Thẻ bài viết 20','the-bai-viet-20','active','2025-09-21 00:11:07','2025-09-21 00:11:07'),(21,'Thẻ bài viết 21','the-bai-viet-21','active','2025-09-21 00:11:07','2025-09-21 00:11:07'),(22,'Thẻ bài viết 22','the-bai-viet-22','active','2025-09-21 00:11:07','2025-09-21 00:11:07'),(23,'Thẻ bài viết 23','the-bai-viet-23','active','2025-09-21 00:11:07','2025-09-21 00:11:07'),(24,'Thẻ bài viết 24','the-bai-viet-24','active','2025-09-21 00:11:07','2025-09-21 00:11:07'),(25,'Thẻ bài viết 25','the-bai-viet-25','active','2025-09-21 00:11:07','2025-09-21 00:11:07'),(26,'Thẻ bài viết 26','the-bai-viet-26','active','2025-09-21 00:11:07','2025-09-21 00:11:07'),(27,'Thẻ bài viết 27','the-bai-viet-27','active','2025-09-21 00:11:07','2025-09-21 00:11:07'),(28,'Thẻ bài viết 28','the-bai-viet-28','active','2025-09-21 00:11:07','2025-09-21 00:11:07'),(29,'Thẻ bài viết 29','the-bai-viet-29','active','2025-09-21 00:11:07','2025-09-21 00:11:07'),(30,'Thẻ bài viết 30','the-bai-viet-30','active','2025-09-21 00:11:07','2025-09-21 00:11:07'),(31,'Thẻ bài viết 31','the-bai-viet-31','active','2025-09-21 00:11:07','2025-09-21 00:11:07'),(32,'Thẻ bài viết 32','the-bai-viet-32','active','2025-09-21 00:11:07','2025-09-21 00:11:07'),(33,'Thẻ bài viết 33','the-bai-viet-33','active','2025-09-21 00:11:07','2025-09-21 00:11:07'),(34,'Thẻ bài viết 34','the-bai-viet-34','active','2025-09-21 00:11:07','2025-09-21 00:11:07'),(35,'Thẻ bài viết 35','the-bai-viet-35','active','2025-09-21 00:11:07','2025-09-21 00:11:07'),(36,'Thẻ bài viết 36','the-bai-viet-36','active','2025-09-21 00:11:07','2025-09-21 00:11:07'),(37,'Thẻ bài viết 37','the-bai-viet-37','active','2025-09-21 00:11:07','2025-09-21 00:11:07'),(38,'Thẻ bài viết 38','the-bai-viet-38','active','2025-09-21 00:11:07','2025-09-21 00:11:07'),(39,'Thẻ bài viết 39','the-bai-viet-39','active','2025-09-21 00:11:07','2025-09-21 00:11:07'),(40,'Thẻ bài viết 40','the-bai-viet-40','active','2025-09-21 00:11:07','2025-09-21 00:11:07'),(41,'Thẻ bài viết 41','the-bai-viet-41','active','2025-09-21 00:11:07','2025-09-21 00:11:07'),(42,'Thẻ bài viết 42','the-bai-viet-42','active','2025-09-21 00:11:07','2025-09-21 00:11:07'),(43,'Thẻ bài viết 43','the-bai-viet-43','active','2025-09-21 00:11:08','2025-09-21 00:11:08'),(44,'Thẻ bài viết 44','the-bai-viet-44','active','2025-09-21 00:11:08','2025-09-21 00:11:08'),(45,'Thẻ bài viết 45','the-bai-viet-45','active','2025-09-21 00:11:08','2025-09-21 00:11:08'),(46,'Thẻ bài viết 46','the-bai-viet-46','active','2025-09-21 00:11:08','2025-09-21 00:11:08'),(47,'Thẻ bài viết 47','the-bai-viet-47','active','2025-09-21 00:11:08','2025-09-21 00:11:08'),(48,'Thẻ bài viết 48','the-bai-viet-48','active','2025-09-21 00:11:08','2025-09-21 00:11:08'),(49,'Thẻ bài viết 49','the-bai-viet-49','active','2025-09-21 00:11:08','2025-09-21 00:11:08'),(50,'Thẻ bài viết 50','the-bai-viet-50','active','2025-09-21 00:11:08','2025-09-21 00:11:08');
/*!40000 ALTER TABLE `post_tags` ENABLE KEYS */;
UNLOCK TABLES;

--
-- Table structure for table `posts`
--

DROP TABLE IF EXISTS `posts`;
/*!40101 SET @saved_cs_client     = @@character_set_client */;
/*!50503 SET character_set_client = utf8mb4 */;
CREATE TABLE `posts` (
  `id` bigint unsigned NOT NULL AUTO_INCREMENT,
  `title` varchar(191) COLLATE utf8mb4_unicode_ci NOT NULL,
  `slug` varchar(191) COLLATE utf8mb4_unicode_ci NOT NULL,
  `summary` text COLLATE utf8mb4_unicode_ci NOT NULL,
  `description` longtext COLLATE utf8mb4_unicode_ci,
  `quote` text COLLATE utf8mb4_unicode_ci,
  `photo` varchar(191) COLLATE utf8mb4_unicode_ci DEFAULT NULL,
  `tags` varchar(191) COLLATE utf8mb4_unicode_ci DEFAULT NULL,
  `post_cat_id` bigint unsigned DEFAULT NULL,
  `post_tag_id` bigint unsigned DEFAULT NULL,
  `added_by` bigint unsigned DEFAULT NULL,
  `status` enum('active','inactive') COLLATE utf8mb4_unicode_ci NOT NULL DEFAULT 'active',
  `created_at` timestamp NULL DEFAULT NULL,
  `updated_at` timestamp NULL DEFAULT NULL,
  PRIMARY KEY (`id`),
  UNIQUE KEY `posts_slug_unique` (`slug`),
  KEY `posts_post_cat_id_foreign` (`post_cat_id`),
  KEY `posts_post_tag_id_foreign` (`post_tag_id`),
  KEY `posts_added_by_foreign` (`added_by`),
  CONSTRAINT `posts_added_by_foreign` FOREIGN KEY (`added_by`) REFERENCES `users` (`id`) ON DELETE SET NULL,
  CONSTRAINT `posts_post_cat_id_foreign` FOREIGN KEY (`post_cat_id`) REFERENCES `post_categories` (`id`) ON DELETE SET NULL,
  CONSTRAINT `posts_post_tag_id_foreign` FOREIGN KEY (`post_tag_id`) REFERENCES `post_tags` (`id`) ON DELETE SET NULL
) ENGINE=InnoDB AUTO_INCREMENT=51 DEFAULT CHARSET=utf8mb4 COLLATE=utf8mb4_unicode_ci;
/*!40101 SET character_set_client = @saved_cs_client */;

--
-- Dumping data for table `posts`
--

LOCK TABLES `posts` WRITE;
/*!40000 ALTER TABLE `posts` DISABLE KEYS */;
INSERT INTO `posts` VALUES (1,'Where does it come from?','where-does-it-come-from','<p><span style=\"font-family: &quot;Open Sans&quot;, Arial, sans-serif; font-size: 14px; text-align: justify;\">Contrary to popular belief, Lorem Ipsum is not simply random text.&nbsp;</span><br></p>','<h2 style=\"margin-right: 0px; margin-bottom: 10px; margin-left: 0px; padding: 0px; font-family: DauphinPlain; font-size: 24px; line-height: 24px;\">What is Lorem Ipsum?</h2><p style=\"margin-right: 0px; margin-bottom: 15px; margin-left: 0px; padding: 0px; text-align: justify; font-family: &quot;Open Sans&quot;, Arial, sans-serif; font-size: 14px;\"><strong style=\"margin: 0px; padding: 0px;\">Lorem Ipsum</strong>&nbsp;is simply dummy text of the printing and typesetting industry. Lorem Ipsum has been the industry\'s standard dummy text ever since the 1500s, when an unknown printer took a galley of type and scrambled it to make a type specimen book. It has survived not only five centuries, but also the leap into electronic typesetting, remaining essentially unchanged. It was popularised in the 1960s with the release of Letraset sheets containing Lorem Ipsum passages, and more recently with desktop publishing software like Aldus PageMaker including versions of Lorem Ipsum.</p><p style=\"margin-right: 0px; margin-bottom: 15px; margin-left: 0px; padding: 0px; text-align: justify; font-family: &quot;Open Sans&quot;, Arial, sans-serif; font-size: 14px;\"><strong style=\"margin: 0px; padding: 0px;\">Lorem Ipsum</strong>&nbsp;is simply dummy text of the printing and typesetting industry. Lorem Ipsum has been the industry\'s standard dummy text ever since the 1500s, when an unknown printer took a galley of type and scrambled it to make a type specimen book. It has survived not only five centuries, but also the leap into electronic typesetting, remaining essentially unchanged. It was popularised in the 1960s with the release of Letraset sheets containing Lorem Ipsum passages, and more recently with desktop publishing software like Aldus PageMaker including versions of Lorem Ipsum.</p>','<p><span style=\"font-family: &quot;Open Sans&quot;, Arial, sans-serif; font-size: 14px; text-align: justify;\">The standard chunk of Lorem Ipsum used since the 1500s is reproduced below for those interested.</span><br></p>','/storage/photos/1/Blog/blog1.jpg','2020,Visit nepal 2020',26,26,12,'active','2025-09-21 00:11:08','2025-09-21 00:11:08'),(2,'Where can I get some?','where-can-i-get-some','<h2 style=\"margin-right: 0px; margin-bottom: 10px; margin-left: 0px; padding: 0px; font-family: DauphinPlain; font-size: 24px; line-height: 24px;\"><span style=\"font-family: &quot;Open Sans&quot;, Arial, sans-serif; font-size: 14px; text-align: justify;\">It is a long established fact that a reader</span><br></h2>','<h2 style=\"margin-right: 0px; margin-bottom: 10px; margin-left: 0px; line-height: 24px; font-size: 24px; padding: 0px; font-family: DauphinPlain;\">Why do we use it?</h2><p style=\"margin-right: 0px; margin-bottom: 15px; margin-left: 0px; padding: 0px; text-align: justify; font-family: &quot;Open Sans&quot;, Arial, sans-serif; font-size: 14px;\">It is a long established fact that a reader will be distracted by the readable content of a page when looking at its layout. The point of using Lorem Ipsum is that it has a more-or-less normal distribution of letters, as opposed to using \'Content here, content here\', making it look like readable English. Many desktop publishing packages and web page editors now use Lorem Ipsum as their default model text, and a search for \'lorem ipsum\' will uncover many web sites still in their infancy. Various versions have evolved over the years, sometimes by accident, sometimes on purpose (injected humour and the like).</p><h2 style=\"margin-right: 0px; margin-bottom: 10px; margin-left: 0px; line-height: 24px; font-size: 24px; padding: 0px; font-family: DauphinPlain;\">Why do we use it?</h2><p style=\"margin-right: 0px; margin-bottom: 15px; margin-left: 0px; padding: 0px; text-align: justify; font-family: &quot;Open Sans&quot;, Arial, sans-serif; font-size: 14px;\">It is a long established fact that a reader will be distracted by the readable content of a page when looking at its layout. The point of using Lorem Ipsum is that it has a more-or-less normal distribution of letters, as opposed to using \'Content here, content here\', making it look like readable English. Many desktop publishing packages and web page editors now use Lorem Ipsum as their default model text, and a search for \'lorem ipsum\' will uncover many web sites still in their infancy. Various versions have evolved over the years, sometimes by accident, sometimes on purpose (injected humour and the like).</p>','Trích dẫn từ bài viết 2','/storage/photos/1/Blog/blog2.jpg','Enjoy',29,50,44,'active','2025-09-21 00:11:08','2025-09-21 00:11:08'),(3,'The standard Lorem Ipsum passage, used since the 1500s','the-standard-lorem-ipsum-passage-used-since-the-1500s','<p><span style=\"font-family: &quot;Open Sans&quot;, Arial, sans-serif; font-size: 14px; text-align: justify;\">\"Lorem ipsum dolor sit amet, consectetur adipiscing elit,</span><br></p>','<h3 style=\"margin: 15px 0px; padding: 0px; font-weight: 700; font-size: 14px; font-family: &quot;Open Sans&quot;, Arial, sans-serif;\">1914 translation by H. Rackham</h3><p style=\"margin-right: 0px; margin-bottom: 15px; margin-left: 0px; padding: 0px; text-align: justify; font-family: &quot;Open Sans&quot;, Arial, sans-serif; font-size: 14px;\">\"But I must explain to you how all this mistaken idea of denouncing pleasure and praising pain was born and I will give you a complete account of the system, and expound the actual teachings of the great explorer of the truth, the master-builder of human happiness. No one rejects, dislikes, or avoids pleasure itself, because it is pleasure, but because those who do not know how to pursue pleasure rationally encounter consequences that are extremely painful. Nor again is there anyone who loves or pursues or desires to obtain pain of itself, because it is pain, but because occasionally circumstances occur in which toil and pain can procure him some great pleasure. To take a trivial example, which of us ever undertakes laborious physical exercise, except to obtain some advantage from it? But who has any right to find fault with a man who chooses to enjoy a pleasure that has no annoying consequences, or one who avoids a pain that produces no resultant pleasure?\"</p><h3 style=\"margin: 15px 0px; padding: 0px; font-weight: 700; font-size: 14px; font-family: &quot;Open Sans&quot;, Arial, sans-serif;\">Section 1.10.33 of \"de Finibus Bonorum et Malorum\", written by Cicero in 45 BC</h3><p style=\"margin-right: 0px; margin-bottom: 15px; margin-left: 0px; padding: 0px; text-align: justify; font-family: &quot;Open Sans&quot;, Arial, sans-serif; font-size: 14px;\">\"At vero eos et accusamus et iusto odio dignissimos ducimus qui blanditiis praesentium voluptatum deleniti atque corrupti quos dolores et quas molestias excepturi sint occaecati cupiditate non provident, similique sunt in culpa qui officia deserunt mollitia animi, id est laborum et dolorum fuga. Et harum quidem rerum facilis est et expedita distinctio. Nam libero tempore, cum soluta nobis est eligendi optio cumque nihil impedit quo minus id quod maxime placeat facere possimus, omnis voluptas assumenda est, omnis dolor repellendus. Temporibus autem quibusdam et aut officiis debitis aut rerum necessitatibus saepe eveniet ut et voluptates repudiandae sint et molestiae non recusandae. Itaque earum rerum hic tenetur a sapiente delectus, ut aut reiciendis voluptatibus maiores alias consequatur aut perferendis doloribus asperiores repellat.\"</p><h3 style=\"margin: 15px 0px; padding: 0px; font-weight: 700; font-size: 14px; font-family: &quot;Open Sans&quot;, Arial, sans-serif;\">1914 translation by H. Rackham</h3><p style=\"margin-right: 0px; margin-bottom: 15px; margin-left: 0px; padding: 0px; text-align: justify; font-family: &quot;Open Sans&quot;, Arial, sans-serif; font-size: 14px;\">\"On the other hand, we denounce with righteous indignation and dislike men who are so beguiled and demoralized by the charms of pleasure of the moment, so blinded by desire, that they cannot foresee the pain and trouble that are bound to ensue; and equal blame belongs to those who fail in their duty through weakness of will, which is the same as saying through shrinking from toil and pain. These cases are perfectly simple and easy to distinguish. In a free hour, when our power of choice is untrammelled and when nothing prevents our being able to do what we like best, every pleasure is to be welcomed and every pain avoided. But in certain circumstances and owing to the claims of duty or the obligations of business it will frequently occur that pleasures have to be repudiated and annoyances accepted. The wise man therefore always holds in these matters to this principle of selection: he rejects pleasures to secure other greater pleasures, or else he endures pains to avoid worse pains.\"</p>','<p><span style=\"font-family: &quot;Open Sans&quot;, Arial, sans-serif; font-size: 14px; text-align: justify;\">\"Lorem ipsum dolor sit amet, consectetur adipiscing elit, sed do eiusmod tempor incididunt ut labore et dolore magna aliqua. Ut enim ad minim veniam,</span><br></p>','/storage/photos/1/Blog/blog3.jpg','thẻ1,thẻ2',48,6,5,'active','2025-09-21 00:11:08','2025-09-21 00:11:08'),(4,'The standard Lorem Ipsum passage,','the-standard-lorem-ipsum-passage','<p><span style=\"font-family: &quot;Open Sans&quot;, Arial, sans-serif; font-size: 14px; text-align: justify;\">\"Lorem ipsum dolor sit amet, consectetur adipiscing elit, sed do eiusmod tempor incididunt ut labore et dolore magna aliqua. Ut enim ad minim veniam,</span><br></p>','<h3 style=\"margin: 15px 0px; padding: 0px; font-weight: 700; font-size: 14px; font-family: &quot;Open Sans&quot;, Arial, sans-serif;\">The standard Lorem Ipsum passage, used since the 1500s</h3><p style=\"margin-right: 0px; margin-bottom: 15px; margin-left: 0px; padding: 0px; text-align: justify; font-family: &quot;Open Sans&quot;, Arial, sans-serif; font-size: 14px;\">\"Lorem ipsum dolor sit amet, consectetur adipiscing elit, sed do eiusmod tempor incididunt ut labore et dolore magna aliqua. Ut enim ad minim veniam, quis nostrud exercitation ullamco laboris nisi ut aliquip ex ea commodo consequat. Duis aute irure dolor in reprehenderit in voluptate velit esse cillum dolore eu fugiat nulla pariatur. Excepteur sint occaecat cupidatat non proident, sunt in culpa qui officia deserunt mollit anim id est laborum.\"</p><h3 style=\"margin: 15px 0px; padding: 0px; font-weight: 700; font-size: 14px; font-family: &quot;Open Sans&quot;, Arial, sans-serif;\">Section 1.10.32 of \"de Finibus Bonorum et Malorum\", written by Cicero in 45 BC</h3><p style=\"margin-right: 0px; margin-bottom: 15px; margin-left: 0px; padding: 0px; text-align: justify; font-family: &quot;Open Sans&quot;, Arial, sans-serif; font-size: 14px;\">\"Sed ut perspiciatis unde omnis iste natus error sit voluptatem accusantium doloremque laudantium, totam rem aperiam, eaque ipsa quae ab illo inventore veritatis et quasi architecto beatae vitae dicta sunt explicabo. Nemo enim ipsam voluptatem quia voluptas sit aspernatur aut odit aut fugit, sed quia consequuntur magni dolores eos qui ratione voluptatem sequi nesciunt. Neque porro quisquam est, qui dolorem ipsum quia dolor sit amet, consectetur, adipisci velit, sed quia non numquam eius modi tempora incidunt ut labore et dolore magnam aliquam quaerat voluptatem. Ut enim ad minima veniam, quis nostrum exercitationem ullam corporis suscipit laboriosam, nisi ut aliquid ex ea commodi consequatur? Quis autem vel eum iure reprehenderit qui in ea voluptate velit esse quam nihil molestiae consequatur, vel illum qui dolorem eum fugiat quo voluptas nulla pariatur?\"</p><h3 style=\"margin: 15px 0px; padding: 0px; font-weight: 700; font-size: 14px; font-family: &quot;Open Sans&quot;, Arial, sans-serif;\">1914 translation by H. Rackham</h3><p style=\"margin-right: 0px; margin-bottom: 15px; margin-left: 0px; padding: 0px; text-align: justify; font-family: &quot;Open Sans&quot;, Arial, sans-serif; font-size: 14px;\">\"But I must explain to you how all this mistaken idea of denouncing pleasure and praising pain was born and I will give you a complete account of the system, and expound the actual teachings of the great explorer of the truth, the master-builder of human happiness. No one rejects, dislikes, or avoids pleasure itself, because it is pleasure, but because those who do not know how to pursue pleasure rationally encounter consequences that are extremely painful. Nor again is there anyone who loves or pursues or desires to obtain pain of itself, because it is pain, but because occasionally circumstances occur in which toil and pain can procure him some great pleasure. To take a trivial example, which of us ever undertakes laborious physical exercise, except to obtain some advantage from it? But who has any right to find fault with a man who chooses to enjoy a pleasure that has no annoying consequences, or one who avoids a pain that produces no resultant pleasure?\"</p><h3 style=\"margin: 15px 0px; padding: 0px; font-weight: 700; font-size: 14px; font-family: &quot;Open Sans&quot;, Arial, sans-serif;\">Section 1.10.33 of \"de Finibus Bonorum et Malorum\", written by Cicero in 45 BC</h3><p style=\"margin-right: 0px; margin-bottom: 15px; margin-left: 0px; padding: 0px; text-align: justify; font-family: &quot;Open Sans&quot;, Arial, sans-serif; font-size: 14px;\">\"At vero eos et accusamus et iusto odio dignissimos ducimus qui blanditiis praesentium voluptatum deleniti atque corrupti quos dolores et quas molestias excepturi sint occaecati cupiditate non provident, similique sunt in culpa qui officia deserunt mollitia animi, id est laborum et dolorum fuga. Et harum quidem rerum facilis est et expedita distinctio. Nam libero tempore, cum soluta nobis est eligendi optio cumque nihil impedit quo minus id quod maxime placeat facere possimus, omnis voluptas assumenda est, omnis dolor repellendus. Temporibus autem quibusdam et aut officiis debitis aut rerum necessitatibus saepe eveniet ut et voluptates repudiandae sint et molestiae non recusandae. Itaque earum rerum hic tenetur a sapiente delectus, ut aut reiciendis voluptatibus maiores alias consequatur aut perferendis doloribus asperiores repellat.\"</p><h3 style=\"margin: 15px 0px; padding: 0px; font-weight: 700; font-size: 14px; font-family: &quot;Open Sans&quot;, Arial, sans-serif;\">1914 translation by H. Rackham</h3><p style=\"margin-right: 0px; margin-bottom: 15px; margin-left: 0px; padding: 0px; text-align: justify; font-family: &quot;Open Sans&quot;, Arial, sans-serif; font-size: 14px;\">\"On the other hand, we denounce with righteous indignation and dislike men who are so beguiled and demoralized by the charms of pleasure of the moment, so blinded by desire, that they cannot foresee the pain and trouble that are bound to ensue; and equal blame belongs to those who fail in their duty through weakness of will, which is the same as saying through shrinking from toil and pain. These cases are perfectly simple and easy to distinguish. In a free hour, when our power of choice is untrammelled and when nothing prevents our being able to do what we like best, every pleasure is to be welcomed and every pain avoided. But in certain circumstances and owing to the claims of duty or the obligations of business it will frequently occur that pleasures have to be repudiated and annoyances accepted. The wise man therefore always holds in these matters to this principle of selection: he rejects pleasures to secure other greater pleasures, or else he endures pains to avoid worse pains.\"</p>','<p><span style=\"font-family: &quot;Open Sans&quot;, Arial, sans-serif; font-size: 14px; text-align: justify;\">\"Lorem ipsum dolor sit amet, consectetur adipiscing elit, sed do eiusmod tempor incididunt ut labore et dolore magna aliqua. Ut enim ad minim veniam,</span><br></p>','/storage/photos/1/Blog/blog2.jpg',',Enjoy,2020,Visit nepal 2020',41,46,13,'active','2025-09-21 00:11:08','2025-09-21 00:11:08'),(5,'Lorem Ipsum is simply','lorem-ipsum-is-simply','<p><strong style=\"margin: 0px; padding: 0px; font-family: &quot;Open Sans&quot;, Arial, sans-serif; font-size: 14px; text-align: justify;\">Lorem Ipsum</strong><span style=\"font-family: &quot;Open Sans&quot;, Arial, sans-serif; font-size: 14px; text-align: justify;\">&nbsp;is simply dummy text of the printing and typesetting industry.</span><br></p>','<h2 style=\"margin-right: 0px; margin-bottom: 10px; margin-left: 0px; padding: 0px; font-family: DauphinPlain; font-size: 24px; line-height: 24px;\">What is Lorem Ipsum?</h2><p style=\"margin-right: 0px; margin-bottom: 15px; margin-left: 0px; padding: 0px; text-align: justify; font-family: &quot;Open Sans&quot;, Arial, sans-serif; font-size: 14px;\"><strong style=\"margin: 0px; padding: 0px;\">Lorem Ipsum</strong>&nbsp;is simply dummy text of the printing and typesetting industry. Lorem Ipsum has been the industry\'s standard dummy text ever since the 1500s, when an unknown printer took a galley of type and scrambled it to make a type specimen book. It has survived not only five centuries, but also the leap into electronic typesetting, remaining essentially unchanged. It was popularised in the 1960s with the release of Letraset sheets containing Lorem Ipsum passages, and</p><h2 style=\"margin-right: 0px; margin-bottom: 10px; margin-left: 0px; padding: 0px; font-family: DauphinPlain; font-size: 24px; line-height: 24px;\">What is Lorem Ipsum?</h2><p style=\"margin-right: 0px; margin-bottom: 15px; margin-left: 0px; padding: 0px; text-align: justify; font-family: &quot;Open Sans&quot;, Arial, sans-serif; font-size: 14px;\"><strong style=\"margin: 0px; padding: 0px;\">Lorem Ipsum</strong>&nbsp;is simply dummy text of the printing and typesetting industry. Lorem Ipsum has been the industry\'s standard dummy text ever since the 1500s, when an unknown printer took a galley of type and scrambled it to make a type specimen book. It has survived not only five centuries, but also the leap into electronic typesetting, remaining essentially unchanged. It was popularised in the 1960s with the release of Letraset sheets containing Lorem Ipsum passages, and</p><h2 style=\"margin-right: 0px; margin-bottom: 10px; margin-left: 0px; padding: 0px; font-family: DauphinPlain; font-size: 24px; line-height: 24px;\">What is Lorem Ipsum?</h2><p style=\"margin-right: 0px; margin-bottom: 15px; margin-left: 0px; padding: 0px; text-align: justify; font-family: &quot;Open Sans&quot;, Arial, sans-serif; font-size: 14px;\"><strong style=\"margin: 0px; padding: 0px;\">Lorem Ipsum</strong>&nbsp;is simply dummy text of the printing and typesetting industry. Lorem Ipsum has been the industry\'s standard dummy text ever since the 1500s, when an unknown printer took a galley of type and scrambled it to make a type specimen book. It has survived not only five centuries, but also the leap into electronic typesetting, remaining essentially unchanged. It was popularised in the 1960s with the release of Letraset sheets containing Lorem Ipsum passages, and</p><hr><h2 style=\"margin-right: 0px; margin-bottom: 10px; margin-left: 0px; padding: 0px; font-family: DauphinPlain; font-size: 24px; line-height: 24px;\">What is Lorem Ipsum?</h2><p style=\"margin-right: 0px; margin-bottom: 15px; margin-left: 0px; padding: 0px; text-align: justify; font-family: &quot;Open Sans&quot;, Arial, sans-serif; font-size: 14px;\"><strong style=\"margin: 0px; padding: 0px;\">Lorem Ipsum</strong>&nbsp;is simply dummy text of the printing and typesetting industry. Lorem Ipsum has been the industry\'s standard dummy text ever since the 1500s, when an unknown printer took a galley of type and scrambled it to make a type specimen book. It has survived not only five centuries, but also the leap into electronic typesetting, remaining essentially unchanged. It was popularised in the 1960s with the release of Letraset sheets containing Lorem Ipsum passages, and</p><h2 style=\"margin-right: 0px; margin-bottom: 10px; margin-left: 0px; padding: 0px; font-family: DauphinPlain; font-size: 24px; line-height: 24px;\">What is Lorem Ipsum?</h2><p style=\"margin-right: 0px; margin-bottom: 15px; margin-left: 0px; padding: 0px; text-align: justify; font-family: &quot;Open Sans&quot;, Arial, sans-serif; font-size: 14px;\"><strong style=\"margin: 0px; padding: 0px;\">Lorem Ipsum</strong>&nbsp;is simply dummy text of the printing and typesetting industry. Lorem Ipsum has been the industry\'s standard dummy text ever since the 1500s, when an unknown printer took a galley of type and scrambled it to make a type specimen book. It has survived not only five centuries, but also the leap into electronic typesetting, remaining essentially unchanged. It was popularised in the 1960s with the release of Letraset sheets containing Lorem Ipsum passages, and</p>','Trích dẫn từ bài viết 5','/storage/photos/1/Blog/blog3.jpg','Enjoy,2020',23,4,47,'active','2025-09-21 00:11:08','2025-09-21 00:11:08'),(6,'Bài viết 6','bai-viet-6','Tóm tắt bài viết 6','Nội dung bài viết 6 chi tiết.','Trích dẫn từ bài viết 6','/photos/post6.jpg','thẻ1,thẻ2',37,29,43,'active','2025-09-21 00:11:08','2025-09-21 00:11:08'),(7,'Bài viết 7','bai-viet-7','Tóm tắt bài viết 7','Nội dung bài viết 7 chi tiết.','Trích dẫn từ bài viết 7','/photos/post7.jpg','thẻ1,thẻ2',45,50,41,'active','2025-09-21 00:11:08','2025-09-21 00:11:08'),(8,'Bài viết 8','bai-viet-8','Tóm tắt bài viết 8','Nội dung bài viết 8 chi tiết.','Trích dẫn từ bài viết 8','/photos/post8.jpg','thẻ1,thẻ2',38,23,15,'active','2025-09-21 00:11:08','2025-09-21 00:11:08'),(9,'Bài viết 9','bai-viet-9','Tóm tắt bài viết 9','Nội dung bài viết 9 chi tiết.','Trích dẫn từ bài viết 9','/photos/post9.jpg','thẻ1,thẻ2',19,31,3,'active','2025-09-21 00:11:08','2025-09-21 00:11:08'),(10,'Bài viết 10','bai-viet-10','Tóm tắt bài viết 10','Nội dung bài viết 10 chi tiết.','Trích dẫn từ bài viết 10','/photos/post10.jpg','thẻ1,thẻ2',30,20,21,'active','2025-09-21 00:11:08','2025-09-21 00:11:08'),(11,'Bài viết 11','bai-viet-11','Tóm tắt bài viết 11','Nội dung bài viết 11 chi tiết.','Trích dẫn từ bài viết 11','/photos/post11.jpg','thẻ1,thẻ2',33,50,11,'active','2025-09-21 00:11:08','2025-09-21 00:11:08'),(12,'Bài viết 12','bai-viet-12','Tóm tắt bài viết 12','Nội dung bài viết 12 chi tiết.','Trích dẫn từ bài viết 12','/photos/post12.jpg','thẻ1,thẻ2',48,23,9,'active','2025-09-21 00:11:08','2025-09-21 00:11:08'),(13,'Bài viết 13','bai-viet-13','Tóm tắt bài viết 13','Nội dung bài viết 13 chi tiết.','Trích dẫn từ bài viết 13','/photos/post13.jpg','thẻ1,thẻ2',19,39,46,'active','2025-09-21 00:11:08','2025-09-21 00:11:08'),(14,'Bài viết 14','bai-viet-14','Tóm tắt bài viết 14','Nội dung bài viết 14 chi tiết.','Trích dẫn từ bài viết 14','/photos/post14.jpg','thẻ1,thẻ2',32,6,13,'active','2025-09-21 00:11:08','2025-09-21 00:11:08'),(15,'Bài viết 15','bai-viet-15','Tóm tắt bài viết 15','Nội dung bài viết 15 chi tiết.','Trích dẫn từ bài viết 15','/photos/post15.jpg','thẻ1,thẻ2',44,23,30,'active','2025-09-21 00:11:08','2025-09-21 00:11:08'),(16,'Bài viết 16','bai-viet-16','Tóm tắt bài viết 16','Nội dung bài viết 16 chi tiết.','Trích dẫn từ bài viết 16','/photos/post16.jpg','thẻ1,thẻ2',26,11,38,'active','2025-09-21 00:11:08','2025-09-21 00:11:08'),(17,'Bài viết 17','bai-viet-17','Tóm tắt bài viết 17','Nội dung bài viết 17 chi tiết.','Trích dẫn từ bài viết 17','/photos/post17.jpg','thẻ1,thẻ2',34,28,19,'active','2025-09-21 00:11:08','2025-09-21 00:11:08'),(18,'Bài viết 18','bai-viet-18','Tóm tắt bài viết 18','Nội dung bài viết 18 chi tiết.','Trích dẫn từ bài viết 18','/photos/post18.jpg','thẻ1,thẻ2',45,26,10,'active','2025-09-21 00:11:08','2025-09-21 00:11:08'),(19,'Bài viết 19','bai-viet-19','Tóm tắt bài viết 19','Nội dung bài viết 19 chi tiết.','Trích dẫn từ bài viết 19','/photos/post19.jpg','thẻ1,thẻ2',1,17,25,'active','2025-09-21 00:11:08','2025-09-21 00:11:08'),(20,'Bài viết 20','bai-viet-20','Tóm tắt bài viết 20','Nội dung bài viết 20 chi tiết.','Trích dẫn từ bài viết 20','/photos/post20.jpg','thẻ1,thẻ2',38,43,31,'active','2025-09-21 00:11:08','2025-09-21 00:11:08'),(21,'Bài viết 21','bai-viet-21','Tóm tắt bài viết 21','Nội dung bài viết 21 chi tiết.','Trích dẫn từ bài viết 21','/photos/post21.jpg','thẻ1,thẻ2',4,32,8,'active','2025-09-21 00:11:08','2025-09-21 00:11:08'),(22,'Bài viết 22','bai-viet-22','Tóm tắt bài viết 22','Nội dung bài viết 22 chi tiết.','Trích dẫn từ bài viết 22','/photos/post22.jpg','thẻ1,thẻ2',30,27,34,'active','2025-09-21 00:11:08','2025-09-21 00:11:08'),(23,'Bài viết 23','bai-viet-23','Tóm tắt bài viết 23','Nội dung bài viết 23 chi tiết.','Trích dẫn từ bài viết 23','/photos/post23.jpg','thẻ1,thẻ2',28,43,27,'active','2025-09-21 00:11:08','2025-09-21 00:11:08'),(24,'Bài viết 24','bai-viet-24','Tóm tắt bài viết 24','Nội dung bài viết 24 chi tiết.','Trích dẫn từ bài viết 24','/photos/post24.jpg','thẻ1,thẻ2',42,22,46,'active','2025-09-21 00:11:08','2025-09-21 00:11:08'),(25,'Bài viết 25','bai-viet-25','Tóm tắt bài viết 25','Nội dung bài viết 25 chi tiết.','Trích dẫn từ bài viết 25','/photos/post25.jpg','thẻ1,thẻ2',13,27,36,'active','2025-09-21 00:11:08','2025-09-21 00:11:08'),(26,'Bài viết 26','bai-viet-26','Tóm tắt bài viết 26','Nội dung bài viết 26 chi tiết.','Trích dẫn từ bài viết 26','/photos/post26.jpg','thẻ1,thẻ2',23,31,39,'active','2025-09-21 00:11:08','2025-09-21 00:11:08'),(27,'Bài viết 27','bai-viet-27','Tóm tắt bài viết 27','Nội dung bài viết 27 chi tiết.','Trích dẫn từ bài viết 27','/photos/post27.jpg','thẻ1,thẻ2',12,42,46,'active','2025-09-21 00:11:08','2025-09-21 00:11:08'),(28,'Bài viết 28','bai-viet-28','Tóm tắt bài viết 28','Nội dung bài viết 28 chi tiết.','Trích dẫn từ bài viết 28','/photos/post28.jpg','thẻ1,thẻ2',32,28,16,'active','2025-09-21 00:11:08','2025-09-21 00:11:08'),(29,'Bài viết 29','bai-viet-29','Tóm tắt bài viết 29','Nội dung bài viết 29 chi tiết.','Trích dẫn từ bài viết 29','/photos/post29.jpg','thẻ1,thẻ2',45,35,50,'active','2025-09-21 00:11:08','2025-09-21 00:11:08'),(30,'Bài viết 30','bai-viet-30','Tóm tắt bài viết 30','Nội dung bài viết 30 chi tiết.','Trích dẫn từ bài viết 30','/photos/post30.jpg','thẻ1,thẻ2',28,47,4,'active','2025-09-21 00:11:08','2025-09-21 00:11:08'),(31,'Bài viết 31','bai-viet-31','Tóm tắt bài viết 31','Nội dung bài viết 31 chi tiết.','Trích dẫn từ bài viết 31','/photos/post31.jpg','thẻ1,thẻ2',7,42,45,'active','2025-09-21 00:11:08','2025-09-21 00:11:08'),(32,'Bài viết 32','bai-viet-32','Tóm tắt bài viết 32','Nội dung bài viết 32 chi tiết.','Trích dẫn từ bài viết 32','/photos/post32.jpg','thẻ1,thẻ2',9,45,39,'active','2025-09-21 00:11:08','2025-09-21 00:11:08'),(33,'Bài viết 33','bai-viet-33','Tóm tắt bài viết 33','Nội dung bài viết 33 chi tiết.','Trích dẫn từ bài viết 33','/photos/post33.jpg','thẻ1,thẻ2',9,6,6,'active','2025-09-21 00:11:08','2025-09-21 00:11:08'),(34,'Bài viết 34','bai-viet-34','Tóm tắt bài viết 34','Nội dung bài viết 34 chi tiết.','Trích dẫn từ bài viết 34','/photos/post34.jpg','thẻ1,thẻ2',38,36,4,'active','2025-09-21 00:11:08','2025-09-21 00:11:08'),(35,'Bài viết 35','bai-viet-35','Tóm tắt bài viết 35','Nội dung bài viết 35 chi tiết.','Trích dẫn từ bài viết 35','/photos/post35.jpg','thẻ1,thẻ2',44,16,41,'active','2025-09-21 00:11:08','2025-09-21 00:11:08'),(36,'Bài viết 36','bai-viet-36','Tóm tắt bài viết 36','Nội dung bài viết 36 chi tiết.','Trích dẫn từ bài viết 36','/photos/post36.jpg','thẻ1,thẻ2',28,35,25,'active','2025-09-21 00:11:08','2025-09-21 00:11:08'),(37,'Bài viết 37','bai-viet-37','Tóm tắt bài viết 37','Nội dung bài viết 37 chi tiết.','Trích dẫn từ bài viết 37','/photos/post37.jpg','thẻ1,thẻ2',38,43,6,'active','2025-09-21 00:11:08','2025-09-21 00:11:08'),(38,'Bài viết 38','bai-viet-38','Tóm tắt bài viết 38','Nội dung bài viết 38 chi tiết.','Trích dẫn từ bài viết 38','/photos/post38.jpg','thẻ1,thẻ2',47,46,19,'active','2025-09-21 00:11:08','2025-09-21 00:11:08'),(39,'Bài viết 39','bai-viet-39','Tóm tắt bài viết 39','Nội dung bài viết 39 chi tiết.','Trích dẫn từ bài viết 39','/photos/post39.jpg','thẻ1,thẻ2',43,21,10,'active','2025-09-21 00:11:08','2025-09-21 00:11:08'),(40,'Bài viết 40','bai-viet-40','Tóm tắt bài viết 40','Nội dung bài viết 40 chi tiết.','Trích dẫn từ bài viết 40','/photos/post40.jpg','thẻ1,thẻ2',29,14,27,'active','2025-09-21 00:11:08','2025-09-21 00:11:08'),(41,'Bài viết 41','bai-viet-41','Tóm tắt bài viết 41','Nội dung bài viết 41 chi tiết.','Trích dẫn từ bài viết 41','/photos/post41.jpg','thẻ1,thẻ2',28,12,38,'active','2025-09-21 00:11:08','2025-09-21 00:11:08'),(42,'Bài viết 42','bai-viet-42','Tóm tắt bài viết 42','Nội dung bài viết 42 chi tiết.','Trích dẫn từ bài viết 42','/photos/post42.jpg','thẻ1,thẻ2',36,2,44,'active','2025-09-21 00:11:08','2025-09-21 00:11:08'),(43,'Bài viết 43','bai-viet-43','Tóm tắt bài viết 43','Nội dung bài viết 43 chi tiết.','Trích dẫn từ bài viết 43','/photos/post43.jpg','thẻ1,thẻ2',12,39,30,'active','2025-09-21 00:11:08','2025-09-21 00:11:08'),(44,'Bài viết 44','bai-viet-44','Tóm tắt bài viết 44','Nội dung bài viết 44 chi tiết.','Trích dẫn từ bài viết 44','/photos/post44.jpg','thẻ1,thẻ2',11,31,42,'active','2025-09-21 00:11:08','2025-09-21 00:11:08'),(45,'Bài viết 45','bai-viet-45','Tóm tắt bài viết 45','Nội dung bài viết 45 chi tiết.','Trích dẫn từ bài viết 45','/photos/post45.jpg','thẻ1,thẻ2',6,3,7,'active','2025-09-21 00:11:08','2025-09-21 00:11:08'),(46,'Bài viết 46','bai-viet-46','Tóm tắt bài viết 46','Nội dung bài viết 46 chi tiết.','Trích dẫn từ bài viết 46','/storage/photos/1/Blog/blog1.jpg','thẻ1,thẻ2',40,2,44,'active','2025-09-21 00:11:08','2025-09-21 00:11:08'),(47,'Bài viết 47','bai-viet-47','Tóm tắt bài viết 47','Nội dung bài viết 47 chi tiết.','Trích dẫn từ bài viết 47','/storage/photos/1/Blog/blog2.jpg','thẻ1,thẻ2',48,49,28,'active','2025-09-21 00:11:08','2025-09-21 00:11:08'),(48,'Bài viết 48','bai-viet-48','Tóm tắt bài viết 48','Nội dung bài viết 48 chi tiết.','Trích dẫn từ bài viết 48','/storage/photos/1/Blog/blog3.jpg','thẻ1,thẻ2',43,6,48,'active','2025-09-21 00:11:08','2025-09-21 00:11:08'),(49,'Bài viết 49','bai-viet-49','Tóm tắt bài viết 49','Nội dung bài viết 49 chi tiết.','Trích dẫn từ bài viết 49','/storage/photos/1/Blog/blog2.jpg','thẻ1,thẻ2',3,13,12,'active','2025-09-21 00:11:08','2025-09-21 00:11:08'),(50,'Bài viết 50','bai-viet-50','Tóm tắt bài viết 50','Nội dung bài viết 50 chi tiết.','Trích dẫn từ bài viết 50','/storage/photos/1/Blog/blog3.jpg','thẻ1,thẻ2',29,2,18,'active','2025-09-21 00:11:08','2025-09-21 00:11:08');
/*!40000 ALTER TABLE `posts` ENABLE KEYS */;
UNLOCK TABLES;

--
-- Table structure for table `product_reviews`
--

DROP TABLE IF EXISTS `product_reviews`;
/*!40101 SET @saved_cs_client     = @@character_set_client */;
/*!50503 SET character_set_client = utf8mb4 */;
CREATE TABLE `product_reviews` (
  `id` bigint unsigned NOT NULL AUTO_INCREMENT,
  `user_id` bigint unsigned DEFAULT NULL,
  `product_id` bigint unsigned DEFAULT NULL,
  `rate` tinyint NOT NULL DEFAULT '0',
  `review` text COLLATE utf8mb4_unicode_ci,
  `status` enum('active','inactive') COLLATE utf8mb4_unicode_ci NOT NULL DEFAULT 'active',
  `created_at` timestamp NULL DEFAULT NULL,
  `updated_at` timestamp NULL DEFAULT NULL,
  PRIMARY KEY (`id`),
  KEY `product_reviews_user_id_foreign` (`user_id`),
  KEY `product_reviews_product_id_foreign` (`product_id`),
  CONSTRAINT `product_reviews_product_id_foreign` FOREIGN KEY (`product_id`) REFERENCES `products` (`id`) ON DELETE SET NULL,
  CONSTRAINT `product_reviews_user_id_foreign` FOREIGN KEY (`user_id`) REFERENCES `users` (`id`) ON DELETE SET NULL
) ENGINE=InnoDB AUTO_INCREMENT=51 DEFAULT CHARSET=utf8mb4 COLLATE=utf8mb4_unicode_ci;
/*!40101 SET character_set_client = @saved_cs_client */;

--
-- Dumping data for table `product_reviews`
--

LOCK TABLES `product_reviews` WRITE;
/*!40000 ALTER TABLE `product_reviews` DISABLE KEYS */;
INSERT INTO `product_reviews` VALUES (1,24,31,1,'Đánh giá sản phẩm 1 bằng tiếng Việt.','active','2025-09-21 00:11:10','2025-09-21 00:11:10'),(2,47,9,4,'Đánh giá sản phẩm 2 bằng tiếng Việt.','active','2025-09-21 00:11:10','2025-09-21 00:11:10'),(3,45,3,1,'Đánh giá sản phẩm 3 bằng tiếng Việt.','active','2025-09-21 00:11:10','2025-09-21 00:11:10'),(4,43,4,4,'Đánh giá sản phẩm 4 bằng tiếng Việt.','active','2025-09-21 00:11:10','2025-09-21 00:11:10'),(5,50,33,5,'Đánh giá sản phẩm 5 bằng tiếng Việt.','active','2025-09-21 00:11:10','2025-09-21 00:11:10'),(6,42,1,3,'Đánh giá sản phẩm 6 bằng tiếng Việt.','active','2025-09-21 00:11:10','2025-09-21 00:11:10'),(7,30,32,3,'Đánh giá sản phẩm 7 bằng tiếng Việt.','active','2025-09-21 00:11:10','2025-09-21 00:11:10'),(8,21,47,3,'Đánh giá sản phẩm 8 bằng tiếng Việt.','active','2025-09-21 00:11:10','2025-09-21 00:11:10'),(9,48,8,2,'Đánh giá sản phẩm 9 bằng tiếng Việt.','active','2025-09-21 00:11:10','2025-09-21 00:11:10'),(10,39,36,3,'Đánh giá sản phẩm 10 bằng tiếng Việt.','active','2025-09-21 00:11:10','2025-09-21 00:11:10'),(11,40,19,5,'Đánh giá sản phẩm 11 bằng tiếng Việt.','active','2025-09-21 00:11:10','2025-09-21 00:11:10'),(12,21,31,3,'Đánh giá sản phẩm 12 bằng tiếng Việt.','active','2025-09-21 00:11:10','2025-09-21 00:11:10'),(13,37,24,3,'Đánh giá sản phẩm 13 bằng tiếng Việt.','active','2025-09-21 00:11:10','2025-09-21 00:11:10'),(14,17,50,2,'Đánh giá sản phẩm 14 bằng tiếng Việt.','active','2025-09-21 00:11:10','2025-09-21 00:11:10'),(15,50,20,5,'Đánh giá sản phẩm 15 bằng tiếng Việt.','active','2025-09-21 00:11:10','2025-09-21 00:11:10'),(16,41,48,1,'Đánh giá sản phẩm 16 bằng tiếng Việt.','active','2025-09-21 00:11:10','2025-09-21 00:11:10'),(17,4,37,3,'Đánh giá sản phẩm 17 bằng tiếng Việt.','active','2025-09-21 00:11:10','2025-09-21 00:11:10'),(18,49,7,2,'Đánh giá sản phẩm 18 bằng tiếng Việt.','active','2025-09-21 00:11:10','2025-09-21 00:11:10'),(19,31,21,2,'Đánh giá sản phẩm 19 bằng tiếng Việt.','active','2025-09-21 00:11:10','2025-09-21 00:11:10'),(20,12,22,2,'Đánh giá sản phẩm 20 bằng tiếng Việt.','active','2025-09-21 00:11:10','2025-09-21 00:11:10'),(21,42,33,1,'Đánh giá sản phẩm 21 bằng tiếng Việt.','active','2025-09-21 00:11:10','2025-09-21 00:11:10'),(22,13,21,4,'Đánh giá sản phẩm 22 bằng tiếng Việt.','active','2025-09-21 00:11:10','2025-09-21 00:11:10'),(23,47,35,3,'Đánh giá sản phẩm 23 bằng tiếng Việt.','active','2025-09-21 00:11:10','2025-09-21 00:11:10'),(24,36,42,4,'Đánh giá sản phẩm 24 bằng tiếng Việt.','active','2025-09-21 00:11:10','2025-09-21 00:11:10'),(25,41,32,5,'Đánh giá sản phẩm 25 bằng tiếng Việt.','active','2025-09-21 00:11:10','2025-09-21 00:11:10'),(26,49,13,1,'Đánh giá sản phẩm 26 bằng tiếng Việt.','active','2025-09-21 00:11:10','2025-09-21 00:11:10'),(27,21,27,2,'Đánh giá sản phẩm 27 bằng tiếng Việt.','active','2025-09-21 00:11:10','2025-09-21 00:11:10'),(28,24,11,2,'Đánh giá sản phẩm 28 bằng tiếng Việt.','active','2025-09-21 00:11:10','2025-09-21 00:11:10'),(29,47,38,4,'Đánh giá sản phẩm 29 bằng tiếng Việt.','active','2025-09-21 00:11:10','2025-09-21 00:11:10'),(30,10,41,5,'Đánh giá sản phẩm 30 bằng tiếng Việt.','active','2025-09-21 00:11:10','2025-09-21 00:11:10'),(31,34,38,1,'Đánh giá sản phẩm 31 bằng tiếng Việt.','active','2025-09-21 00:11:10','2025-09-21 00:11:10'),(32,29,47,3,'Đánh giá sản phẩm 32 bằng tiếng Việt.','active','2025-09-21 00:11:10','2025-09-21 00:11:10'),(33,10,19,1,'Đánh giá sản phẩm 33 bằng tiếng Việt.','active','2025-09-21 00:11:10','2025-09-21 00:11:10'),(34,40,8,5,'Đánh giá sản phẩm 34 bằng tiếng Việt.','active','2025-09-21 00:11:10','2025-09-21 00:11:10'),(35,2,49,5,'Đánh giá sản phẩm 35 bằng tiếng Việt.','active','2025-09-21 00:11:10','2025-09-21 00:11:10'),(36,41,37,5,'Đánh giá sản phẩm 36 bằng tiếng Việt.','active','2025-09-21 00:11:10','2025-09-21 00:11:10'),(37,11,28,2,'Đánh giá sản phẩm 37 bằng tiếng Việt.','active','2025-09-21 00:11:10','2025-09-21 00:11:10'),(38,45,31,5,'Đánh giá sản phẩm 38 bằng tiếng Việt.','active','2025-09-21 00:11:10','2025-09-21 00:11:10'),(39,28,49,2,'Đánh giá sản phẩm 39 bằng tiếng Việt.','active','2025-09-21 00:11:10','2025-09-21 00:11:10'),(40,29,34,5,'Đánh giá sản phẩm 40 bằng tiếng Việt.','active','2025-09-21 00:11:10','2025-09-21 00:11:10'),(41,42,8,2,'Đánh giá sản phẩm 41 bằng tiếng Việt.','active','2025-09-21 00:11:11','2025-09-21 00:11:11'),(42,21,13,2,'Đánh giá sản phẩm 42 bằng tiếng Việt.','active','2025-09-21 00:11:11','2025-09-21 00:11:11'),(43,43,34,5,'Đánh giá sản phẩm 43 bằng tiếng Việt.','active','2025-09-21 00:11:11','2025-09-21 00:11:11'),(44,40,20,3,'Đánh giá sản phẩm 44 bằng tiếng Việt.','active','2025-09-21 00:11:11','2025-09-21 00:11:11'),(45,43,35,3,'Đánh giá sản phẩm 45 bằng tiếng Việt.','active','2025-09-21 00:11:11','2025-09-21 00:11:11'),(46,3,29,4,'Đánh giá sản phẩm 46 bằng tiếng Việt.','active','2025-09-21 00:11:11','2025-09-21 00:11:11'),(47,20,8,3,'Đánh giá sản phẩm 47 bằng tiếng Việt.','active','2025-09-21 00:11:11','2025-09-21 00:11:11'),(48,41,30,2,'Đánh giá sản phẩm 48 bằng tiếng Việt.','active','2025-09-21 00:11:11','2025-09-21 00:11:11'),(49,45,19,1,'Đánh giá sản phẩm 49 bằng tiếng Việt.','active','2025-09-21 00:11:11','2025-09-21 00:11:11'),(50,21,34,4,'Đánh giá sản phẩm 50 bằng tiếng Việt.','active','2025-09-21 00:11:11','2025-09-21 00:11:11');
/*!40000 ALTER TABLE `product_reviews` ENABLE KEYS */;
UNLOCK TABLES;

--
-- Table structure for table `products`
--

DROP TABLE IF EXISTS `products`;
/*!40101 SET @saved_cs_client     = @@character_set_client */;
/*!50503 SET character_set_client = utf8mb4 */;
CREATE TABLE `products` (
  `id` bigint unsigned NOT NULL AUTO_INCREMENT,
  `title` varchar(191) COLLATE utf8mb4_unicode_ci NOT NULL,
  `slug` varchar(191) COLLATE utf8mb4_unicode_ci NOT NULL,
  `summary` text COLLATE utf8mb4_unicode_ci NOT NULL,
  `description` longtext COLLATE utf8mb4_unicode_ci,
  `photo` text COLLATE utf8mb4_unicode_ci NOT NULL,
  `stock` int NOT NULL DEFAULT '1',
  `size` varchar(191) COLLATE utf8mb4_unicode_ci DEFAULT 'M',
  `condition` enum('default','new','hot') COLLATE utf8mb4_unicode_ci NOT NULL DEFAULT 'default',
  `status` enum('active','inactive') COLLATE utf8mb4_unicode_ci NOT NULL DEFAULT 'inactive',
  `price` decimal(12,2) unsigned NOT NULL,
  `discount` decimal(5,2) DEFAULT NULL,
  `is_featured` tinyint(1) NOT NULL DEFAULT '0',
  `cat_id` bigint unsigned DEFAULT NULL,
  `child_cat_id` bigint unsigned DEFAULT NULL,
  `brand_id` bigint unsigned DEFAULT NULL,
  `created_at` timestamp NULL DEFAULT NULL,
  `updated_at` timestamp NULL DEFAULT NULL,
  PRIMARY KEY (`id`),
  UNIQUE KEY `products_slug_unique` (`slug`),
  KEY `products_brand_id_foreign` (`brand_id`),
  KEY `products_cat_id_foreign` (`cat_id`),
  KEY `products_child_cat_id_foreign` (`child_cat_id`),
  CONSTRAINT `products_brand_id_foreign` FOREIGN KEY (`brand_id`) REFERENCES `brands` (`id`) ON DELETE SET NULL,
  CONSTRAINT `products_cat_id_foreign` FOREIGN KEY (`cat_id`) REFERENCES `categories` (`id`) ON DELETE SET NULL,
  CONSTRAINT `products_child_cat_id_foreign` FOREIGN KEY (`child_cat_id`) REFERENCES `categories` (`id`) ON DELETE SET NULL
) ENGINE=InnoDB AUTO_INCREMENT=51 DEFAULT CHARSET=utf8mb4 COLLATE=utf8mb4_unicode_ci;
/*!40101 SET character_set_client = @saved_cs_client */;

--
-- Dumping data for table `products`
--

LOCK TABLES `products` WRITE;
/*!40000 ALTER TABLE `products` DISABLE KEYS */;
INSERT INTO `products` VALUES (1,'Sản phẩm 1','san-pham-1','Tóm tắt sản phẩm 1 bằng tiếng Việt.','Mô tả chi tiết sản phẩm 1 với nội dung dài.','/storage/photos/1/Products/405b7-pmtk004t.jpg,/storage/photos/1/Products/43f35-2_2.jpg',114,'M,L,XL','new','active',8624097.00,3.00,0,16,NULL,12,'2025-09-21 00:11:07','2025-09-21 00:11:07'),(2,'Sản phẩm 2','san-pham-2','Tóm tắt sản phẩm 2 bằng tiếng Việt.','Mô tả chi tiết sản phẩm 2 với nội dung dài.','/storage/photos/1/Products/1d60f-2.jpg',133,'M,L,XL','hot','active',8208058.00,26.00,0,10,50,30,'2025-09-21 00:11:07','2025-09-21 00:11:07'),(3,'Sản phẩm 3','san-pham-3','Tóm tắt sản phẩm 3 bằng tiếng Việt.','Mô tả chi tiết sản phẩm 3 với nội dung dài.','/storage/photos/1/Products/02090-pms003a.jpg,/storage/photos/1/Products/01f42-pwt004b.jpg,/storage/photos/1/Products/01bc5-mpd006b.jpg,/storage/photos/1/Products/0122b-wsd000t.jpg',53,'M,L,XL','new','active',9442739.00,29.00,1,14,50,4,'2025-09-21 00:11:07','2025-09-21 00:11:07'),(4,'Sản phẩm 4','san-pham-4','Tóm tắt sản phẩm 4 bằng tiếng Việt.','Mô tả chi tiết sản phẩm 4 với nội dung dài.','/storage/photos/1/Products/0a402-image4xxl-3-.jpg,/storage/photos/1/Products/2282b-wsd008t.jpg,/storage/photos/1/Products/21951-image4xxl.jpg',51,'M,L,XL','new','active',8296853.00,0.00,1,11,NULL,7,'2025-09-21 00:11:07','2025-09-21 00:11:07'),(5,'Sản phẩm 5','san-pham-5','Tóm tắt sản phẩm 5 bằng tiếng Việt.','Mô tả chi tiết sản phẩm 5 với nội dung dài.','/storage/photos/1/Products/0455e-c1.jpg,/storage/photos/1/Products/04ec4-pmtk001t.jpg,/storage/photos/1/Products/086c2-a1.jpg,/storage/photos/1/Products/09a16-mpd000t_6.jpg,/storage/photos/1/Products/0c2d2-wbk012c-royal-blue.jpg',198,'M,L,XL','new','active',9417365.00,21.00,1,18,49,29,'2025-09-21 00:11:07','2025-09-21 00:11:07'),(6,'Sản phẩm 6','san-pham-6','Tóm tắt sản phẩm 6 bằng tiếng Việt.','Mô tả chi tiết sản phẩm 6 với nội dung dài.','/storage/photos/1/Products/6a8b5-wsd013t.jpg,/storage/photos/1/Products/5ded8-image1xxl-5-.jpg,/storage/photos/1/Products/74840-image4xxl-6-.jpg',68,'M,L,XL','default','active',459568.00,21.00,0,14,NULL,15,'2025-09-21 00:11:07','2025-09-21 00:11:07'),(7,'Sản phẩm 7','san-pham-7','Tóm tắt sản phẩm 7 bằng tiếng Việt.','Mô tả chi tiết sản phẩm 7 với nội dung dài.','/storage/photos/1/Products/08ec9-n3.jpg,/storage/photos/1/Products/07e30-mtk006b.jpg,/storage/photos/1/Products/18b18-wbk003b.jpg',79,'M,L,XL','new','active',885134.00,23.00,0,25,31,32,'2025-09-21 00:11:07','2025-09-21 00:11:07'),(8,'Sản phẩm 8','san-pham-8','Tóm tắt sản phẩm 8 bằng tiếng Việt.','Mô tả chi tiết sản phẩm 8 với nội dung dài.','/storage/photos/1/Products/calvin-klein.jpg,/storage/photos/1/Products/calvin.jpg,/storage/photos/1/Products/d3fdb-image2xxl-4-.jpg',126,'M,L,XL','new','active',6258124.00,17.00,1,14,42,1,'2025-09-21 00:11:07','2025-09-21 00:11:07'),(9,'Sản phẩm 9','san-pham-9','Tóm tắt sản phẩm 9 bằng tiếng Việt.','Mô tả chi tiết sản phẩm 9 với nội dung dài.','/storage/photos/1/Products/0455e-c1.jpg,/storage/photos/1/Products/04776-pms000a.jpg,/storage/photos/1/Products/04ec4-pmtk001t.jpg,/storage/photos/1/Products/032f0-image3xxl-1-.jpg',179,'M,L,XL','new','active',4038858.00,19.00,0,6,41,33,'2025-09-21 00:11:07','2025-09-21 00:11:07'),(10,'Sản phẩm 10','san-pham-10','Tóm tắt sản phẩm 10 bằng tiếng Việt.','Mô tả chi tiết sản phẩm 10 với nội dung dài.','/storage/photos/1/Products/01f42-pwt004b.jpg,/storage/photos/1/Products/02090-pms003a.jpg,/storage/photos/1/Products/032f0-image3xxl-1-.jpg',146,'M,L,XL','new','active',9637076.00,11.00,0,2,NULL,45,'2025-09-21 00:11:07','2025-09-21 00:11:07'),(11,'Sản phẩm 11','san-pham-11','Tóm tắt sản phẩm 11 bằng tiếng Việt.','Mô tả chi tiết sản phẩm 11 với nội dung dài.','/photos/product11.jpg',184,'M,L,XL','hot','active',6257091.00,21.00,1,19,NULL,19,'2025-09-21 00:11:07','2025-09-21 00:11:07'),(12,'Sản phẩm 12','san-pham-12','Tóm tắt sản phẩm 12 bằng tiếng Việt.','Mô tả chi tiết sản phẩm 12 với nội dung dài.','/photos/product12.jpg',147,'M,L,XL','hot','active',4657481.00,29.00,1,20,32,36,'2025-09-21 00:11:07','2025-09-21 00:11:07'),(13,'Sản phẩm 13','san-pham-13','Tóm tắt sản phẩm 13 bằng tiếng Việt.','Mô tả chi tiết sản phẩm 13 với nội dung dài.','/storage/photos/1/Products/02090-pms003a.jpg,/storage/photos/1/Products/01f42-pwt004b.jpg,/storage/photos/1/Products/01bc5-mpd006b.jpg,/storage/photos/1/Products/0122b-wsd000t.jpg',131,'M,L,XL','hot','active',9669214.00,50.00,1,4,42,35,'2025-09-21 00:11:07','2025-09-21 00:11:07'),(14,'Sản phẩm 14','san-pham-14','Tóm tắt sản phẩm 14 bằng tiếng Việt.','Mô tả chi tiết sản phẩm 14 với nội dung dài.','/photos/product14.jpg',86,'M,L,XL','hot','active',8325085.00,21.00,1,16,44,37,'2025-09-21 00:11:07','2025-09-21 00:11:07'),(15,'Sản phẩm 15','san-pham-15','Tóm tắt sản phẩm 15 bằng tiếng Việt.','Mô tả chi tiết sản phẩm 15 với nội dung dài.','/photos/product15.jpg',158,'M,L,XL','default','active',586860.00,16.00,1,1,NULL,36,'2025-09-21 00:11:07','2025-09-21 00:11:07'),(16,'Sản phẩm 16','san-pham-16','Tóm tắt sản phẩm 16 bằng tiếng Việt.','Mô tả chi tiết sản phẩm 16 với nội dung dài.','/photos/product16.jpg',190,'M,L,XL','new','active',6117398.00,11.00,1,17,49,3,'2025-09-21 00:11:07','2025-09-21 00:11:07'),(17,'Sản phẩm 17','san-pham-17','Tóm tắt sản phẩm 17 bằng tiếng Việt.','Mô tả chi tiết sản phẩm 17 với nội dung dài.','/photos/product17.jpg',61,'M,L,XL','default','active',6805547.00,39.00,0,22,NULL,44,'2025-09-21 00:11:07','2025-09-21 00:11:07'),(18,'Sản phẩm 18','san-pham-18','Tóm tắt sản phẩm 18 bằng tiếng Việt.','Mô tả chi tiết sản phẩm 18 với nội dung dài.','/photos/product18.jpg',117,'M,L,XL','hot','active',5342585.00,32.00,1,16,NULL,26,'2025-09-21 00:11:07','2025-09-21 00:11:07'),(19,'Sản phẩm 19','san-pham-19','Tóm tắt sản phẩm 19 bằng tiếng Việt.','Mô tả chi tiết sản phẩm 19 với nội dung dài.','/photos/product19.jpg',174,'M,L,XL','hot','active',6525684.00,22.00,0,14,NULL,36,'2025-09-21 00:11:07','2025-09-21 00:11:07'),(20,'Sản phẩm 20','san-pham-20','Tóm tắt sản phẩm 20 bằng tiếng Việt.','Mô tả chi tiết sản phẩm 20 với nội dung dài.','/photos/product20.jpg',180,'M,L,XL','default','active',166349.00,32.00,1,17,43,28,'2025-09-21 00:11:07','2025-09-21 00:11:07'),(21,'Sản phẩm 21','san-pham-21','Tóm tắt sản phẩm 21 bằng tiếng Việt.','Mô tả chi tiết sản phẩm 21 với nội dung dài.','/photos/product21.jpg',70,'M,L,XL','hot','active',3956525.00,25.00,1,9,41,50,'2025-09-21 00:11:07','2025-09-21 00:11:07'),(22,'Sản phẩm 22','san-pham-22','Tóm tắt sản phẩm 22 bằng tiếng Việt.','Mô tả chi tiết sản phẩm 22 với nội dung dài.','/photos/product22.jpg',143,'M,L,XL','new','active',629335.00,12.00,0,1,NULL,26,'2025-09-21 00:11:07','2025-09-21 00:11:07'),(23,'Sản phẩm 23','san-pham-23','Tóm tắt sản phẩm 23 bằng tiếng Việt.','Mô tả chi tiết sản phẩm 23 với nội dung dài.','/photos/product23.jpg',134,'M,L,XL','hot','active',319694.00,23.00,1,16,27,36,'2025-09-21 00:11:07','2025-09-21 00:11:07'),(24,'Sản phẩm 24','san-pham-24','Tóm tắt sản phẩm 24 bằng tiếng Việt.','Mô tả chi tiết sản phẩm 24 với nội dung dài.','/photos/product24.jpg',103,'M,L,XL','hot','active',6302917.00,2.00,1,11,NULL,2,'2025-09-21 00:11:07','2025-09-21 00:11:07'),(25,'Sản phẩm 25','san-pham-25','Tóm tắt sản phẩm 25 bằng tiếng Việt.','Mô tả chi tiết sản phẩm 25 với nội dung dài.','/photos/product25.jpg',173,'M,L,XL','hot','active',2829185.00,42.00,1,9,50,25,'2025-09-21 00:11:07','2025-09-21 00:11:07'),(26,'Sản phẩm 26','san-pham-26','Tóm tắt sản phẩm 26 bằng tiếng Việt.','Mô tả chi tiết sản phẩm 26 với nội dung dài.','/photos/product26.jpg',153,'M,L,XL','new','active',8435907.00,18.00,0,10,33,11,'2025-09-21 00:11:07','2025-09-21 00:11:07'),(27,'Sản phẩm 27','san-pham-27','Tóm tắt sản phẩm 27 bằng tiếng Việt.','Mô tả chi tiết sản phẩm 27 với nội dung dài.','/photos/product27.jpg',155,'M,L,XL','hot','active',7538486.00,49.00,0,16,NULL,16,'2025-09-21 00:11:07','2025-09-21 00:11:07'),(28,'Sản phẩm 28','san-pham-28','Tóm tắt sản phẩm 28 bằng tiếng Việt.','Mô tả chi tiết sản phẩm 28 với nội dung dài.','/photos/product28.jpg',70,'M,L,XL','hot','active',3994195.00,22.00,1,21,NULL,27,'2025-09-21 00:11:07','2025-09-21 00:11:07'),(29,'Sản phẩm 29','san-pham-29','Tóm tắt sản phẩm 29 bằng tiếng Việt.','Mô tả chi tiết sản phẩm 29 với nội dung dài.','/photos/product29.jpg',168,'M,L,XL','hot','active',5515008.00,26.00,1,10,NULL,27,'2025-09-21 00:11:07','2025-09-21 00:11:07'),(30,'Sản phẩm 30','san-pham-30','Tóm tắt sản phẩm 30 bằng tiếng Việt.','Mô tả chi tiết sản phẩm 30 với nội dung dài.','/photos/product30.jpg',177,'M,L,XL','hot','active',712329.00,7.00,0,5,33,12,'2025-09-21 00:11:07','2025-09-21 00:11:07'),(31,'Sản phẩm 31','san-pham-31','Tóm tắt sản phẩm 31 bằng tiếng Việt.','Mô tả chi tiết sản phẩm 31 với nội dung dài.','/photos/product31.jpg',197,'M,L,XL','hot','active',2160331.00,5.00,0,7,NULL,32,'2025-09-21 00:11:07','2025-09-21 00:11:07'),(32,'Sản phẩm 32','san-pham-32','Tóm tắt sản phẩm 32 bằng tiếng Việt.','Mô tả chi tiết sản phẩm 32 với nội dung dài.','/photos/product32.jpg',92,'M,L,XL','default','active',2096285.00,18.00,1,20,NULL,30,'2025-09-21 00:11:07','2025-09-21 00:11:07'),(33,'Sản phẩm 33','san-pham-33','Tóm tắt sản phẩm 33 bằng tiếng Việt.','Mô tả chi tiết sản phẩm 33 với nội dung dài.','/photos/product33.jpg',136,'M,L,XL','new','active',5077836.00,29.00,0,18,NULL,42,'2025-09-21 00:11:07','2025-09-21 00:11:07'),(34,'Sản phẩm 34','san-pham-34','Tóm tắt sản phẩm 34 bằng tiếng Việt.','Mô tả chi tiết sản phẩm 34 với nội dung dài.','/photos/product34.jpg',165,'M,L,XL','hot','active',2255788.00,26.00,1,6,44,37,'2025-09-21 00:11:07','2025-09-21 00:11:07'),(35,'Sản phẩm 35','san-pham-35','Tóm tắt sản phẩm 35 bằng tiếng Việt.','Mô tả chi tiết sản phẩm 35 với nội dung dài.','/photos/product35.jpg',80,'M,L,XL','default','active',4041279.00,47.00,0,3,43,17,'2025-09-21 00:11:07','2025-09-21 00:11:07'),(36,'Sản phẩm 36','san-pham-36','Tóm tắt sản phẩm 36 bằng tiếng Việt.','Mô tả chi tiết sản phẩm 36 với nội dung dài.','/photos/product36.jpg',138,'M,L,XL','default','active',3541452.00,41.00,0,2,NULL,25,'2025-09-21 00:11:07','2025-09-21 00:11:07'),(37,'Sản phẩm 37','san-pham-37','Tóm tắt sản phẩm 37 bằng tiếng Việt.','Mô tả chi tiết sản phẩm 37 với nội dung dài.','/photos/product37.jpg',63,'M,L,XL','hot','active',4123292.00,19.00,1,8,33,11,'2025-09-21 00:11:07','2025-09-21 00:11:07'),(38,'Sản phẩm 38','san-pham-38','Tóm tắt sản phẩm 38 bằng tiếng Việt.','Mô tả chi tiết sản phẩm 38 với nội dung dài.','/storage/photos/1/Products/calvin-klein.jpg,/storage/photos/1/Products/calvin.jpg,/storage/photos/1/Products/d3fdb-image2xxl-4-.jpg',97,'M,L,XL','new','active',9928240.00,17.00,1,9,NULL,48,'2025-09-21 00:11:07','2025-09-21 00:11:07'),(39,'Sản phẩm 39','san-pham-39','Tóm tắt sản phẩm 39 bằng tiếng Việt.','Mô tả chi tiết sản phẩm 39 với nội dung dài.','/photos/product39.jpg',73,'M,L,XL','default','active',5669825.00,23.00,1,6,NULL,47,'2025-09-21 00:11:07','2025-09-21 00:11:07'),(40,'Sản phẩm 40','san-pham-40','Tóm tắt sản phẩm 40 bằng tiếng Việt.','Mô tả chi tiết sản phẩm 40 với nội dung dài.','/photos/product40.jpg',82,'M,L,XL','hot','active',1422831.00,47.00,0,24,35,33,'2025-09-21 00:11:07','2025-09-21 00:11:07'),(41,'Sản phẩm 41','san-pham-41','Tóm tắt sản phẩm 41 bằng tiếng Việt.','Mô tả chi tiết sản phẩm 41 với nội dung dài.','/storage/photos/1/Products/405b7-pmtk004t.jpg,/storage/photos/1/Products/43f35-2_2.jpg',93,'M,L,XL','hot','active',3422277.00,23.00,0,25,33,10,'2025-09-21 00:11:07','2025-09-21 00:11:07'),(42,'Sản phẩm 42','san-pham-42','Tóm tắt sản phẩm 42 bằng tiếng Việt.','Mô tả chi tiết sản phẩm 42 với nội dung dài.','/storage/photos/1/Products/1d60f-2.jpg',142,'M,L,XL','hot','active',5336732.00,29.00,1,16,40,21,'2025-09-21 00:11:07','2025-09-21 00:11:07'),(43,'Sản phẩm 43','san-pham-43','Tóm tắt sản phẩm 43 bằng tiếng Việt.','Mô tả chi tiết sản phẩm 43 với nội dung dài.','/storage/photos/1/Products/02090-pms003a.jpg,/storage/photos/1/Products/01f42-pwt004b.jpg,/storage/photos/1/Products/01bc5-mpd006b.jpg,/storage/photos/1/Products/0122b-wsd000t.jpg',186,'M,L,XL','new','active',6687291.00,46.00,0,25,NULL,28,'2025-09-21 00:11:07','2025-09-21 00:11:07'),(44,'Sản phẩm 44','san-pham-44','Tóm tắt sản phẩm 44 bằng tiếng Việt.','Mô tả chi tiết sản phẩm 44 với nội dung dài.','/storage/photos/1/Products/0a402-image4xxl-3-.jpg,/storage/photos/1/Products/2282b-wsd008t.jpg,/storage/photos/1/Products/21951-image4xxl.jpg',191,'M,L,XL','default','active',2818351.00,22.00,1,19,NULL,27,'2025-09-21 00:11:07','2025-09-21 00:11:07'),(45,'Sản phẩm 45','san-pham-45','Tóm tắt sản phẩm 45 bằng tiếng Việt.','Mô tả chi tiết sản phẩm 45 với nội dung dài.','/storage/photos/1/Products/0455e-c1.jpg,/storage/photos/1/Products/04ec4-pmtk001t.jpg,/storage/photos/1/Products/086c2-a1.jpg,/storage/photos/1/Products/09a16-mpd000t_6.jpg,/storage/photos/1/Products/0c2d2-wbk012c-royal-blue.jpg',99,'M,L,XL','hot','active',8244106.00,9.00,0,9,NULL,12,'2025-09-21 00:11:07','2025-09-21 00:11:07'),(46,'Sản phẩm 46','san-pham-46','Tóm tắt sản phẩm 46 bằng tiếng Việt.','Mô tả chi tiết sản phẩm 46 với nội dung dài.','/storage/photos/1/Products/6a8b5-wsd013t.jpg,/storage/photos/1/Products/5ded8-image1xxl-5-.jpg,/storage/photos/1/Products/74840-image4xxl-6-.jpg',82,'M,L,XL','default','active',7693200.00,37.00,1,18,30,32,'2025-09-21 00:11:07','2025-09-21 00:11:07'),(47,'Sản phẩm 47','san-pham-47','Tóm tắt sản phẩm 47 bằng tiếng Việt.','Mô tả chi tiết sản phẩm 47 với nội dung dài.','/storage/photos/1/Products/08ec9-n3.jpg,/storage/photos/1/Products/07e30-mtk006b.jpg,/storage/photos/1/Products/18b18-wbk003b.jpg',137,'M,L,XL','hot','active',166940.00,37.00,0,3,48,25,'2025-09-21 00:11:07','2025-09-21 00:11:07'),(48,'Sản phẩm 48','san-pham-48','Tóm tắt sản phẩm 48 bằng tiếng Việt.','Mô tả chi tiết sản phẩm 48 với nội dung dài.','/storage/photos/1/Products/calvin-klein.jpg,/storage/photos/1/Products/calvin.jpg,/storage/photos/1/Products/d3fdb-image2xxl-4-.jpg',186,'M,L,XL','hot','active',4985928.00,7.00,1,6,NULL,2,'2025-09-21 00:11:07','2025-09-21 00:11:07'),(49,'Sản phẩm 49','san-pham-49','Tóm tắt sản phẩm 49 bằng tiếng Việt.','Mô tả chi tiết sản phẩm 49 với nội dung dài.','/storage/photos/1/Products/0455e-c1.jpg,/storage/photos/1/Products/04776-pms000a.jpg,/storage/photos/1/Products/04ec4-pmtk001t.jpg,/storage/photos/1/Products/032f0-image3xxl-1-.jpg',88,'M,L,XL','new','active',7952200.00,32.00,0,10,NULL,13,'2025-09-21 00:11:07','2025-09-21 00:11:07'),(50,'Sản phẩm 50','san-pham-50','Tóm tắt sản phẩm 50 bằng tiếng Việt.','Mô tả chi tiết sản phẩm 50 với nội dung dài.','/storage/photos/1/Products/01f42-pwt004b.jpg,/storage/photos/1/Products/02090-pms003a.jpg,/storage/photos/1/Products/032f0-image3xxl-1-.jpg',91,'M,L,XL','default','active',1078451.00,25.00,0,22,50,43,'2025-09-21 00:11:07','2025-09-21 00:11:07');
/*!40000 ALTER TABLE `products` ENABLE KEYS */;
UNLOCK TABLES;

--
-- Table structure for table `settings`
--

DROP TABLE IF EXISTS `settings`;
/*!40101 SET @saved_cs_client     = @@character_set_client */;
/*!50503 SET character_set_client = utf8mb4 */;
CREATE TABLE `settings` (
  `id` bigint unsigned NOT NULL AUTO_INCREMENT,
  `description` longtext COLLATE utf8mb4_unicode_ci NOT NULL,
  `short_des` text COLLATE utf8mb4_unicode_ci NOT NULL,
  `logo` varchar(191) COLLATE utf8mb4_unicode_ci NOT NULL,
  `photo` varchar(191) COLLATE utf8mb4_unicode_ci NOT NULL,
  `address` varchar(191) COLLATE utf8mb4_unicode_ci NOT NULL,
  `phone` varchar(191) COLLATE utf8mb4_unicode_ci NOT NULL,
  `email` varchar(191) COLLATE utf8mb4_unicode_ci NOT NULL,
  `created_at` timestamp NULL DEFAULT NULL,
  `updated_at` timestamp NULL DEFAULT NULL,
  PRIMARY KEY (`id`)
) ENGINE=InnoDB AUTO_INCREMENT=51 DEFAULT CHARSET=utf8mb4 COLLATE=utf8mb4_unicode_ci;
/*!40101 SET character_set_client = @saved_cs_client */;

--
-- Dumping data for table `settings`
--

LOCK TABLES `settings` WRITE;
/*!40000 ALTER TABLE `settings` DISABLE KEYS */;
INSERT INTO `settings` VALUES (1,'Website thương mại điện tử bán đồ công sở được xây dựng nhằm mang đến cho khách hàng trải nghiệm mua sắm hiện đại, tiện lợi và chuyên nghiệp. Với giao diện thân thiện, website cung cấp đa dạng sản phẩm như áo sơ mi, quần âu, vest, chân váy, phụ kiện công sở… đáp ứng nhu cầu thời trang của nhân viên văn phòng và doanh nhân.\n\nMỗi sản phẩm đều có hình ảnh sắc nét, mô tả chi tiết và đánh giá thực tế, giúp khách hàng dễ dàng chọn lựa. Hệ thống bộ lọc thông minh cho phép tìm kiếm nhanh theo kích cỡ, màu sắc, chất liệu hoặc mức giá. Người dùng có thể thêm sản phẩm vào giỏ hàng, lưu vào danh sách yêu thích và thanh toán qua nhiều phương thức an toàn như COD, ví điện tử hay thẻ ngân hàng.\n\nNgoài chức năng mua sắm, website còn tích hợp mục tin tức và tư vấn phối đồ công sở, giúp khách hàng luôn tự tin và phong cách trong công việc. Đây là giải pháp toàn diện cho những ai muốn tiết kiệm thời gian, nhưng vẫn giữ được sự chỉn chu, thanh lịch mỗi ngày.','“Thanh lịch mỗi ngày, tự tin nơi công sở”','/storage/photos/1/logo.png','/storage/photos/1/blog3.jpg','HCM','0919925302','kieukienquocvn@gmail.com','2025-09-21 00:11:11','2025-09-21 00:11:11');
/*!40000 ALTER TABLE `settings` ENABLE KEYS */;
UNLOCK TABLES;

--
-- Table structure for table `shippings`
--

DROP TABLE IF EXISTS `shippings`;
/*!40101 SET @saved_cs_client     = @@character_set_client */;
/*!50503 SET character_set_client = utf8mb4 */;
CREATE TABLE `shippings` (
  `id` bigint unsigned NOT NULL AUTO_INCREMENT,
  `type` varchar(191) COLLATE utf8mb4_unicode_ci NOT NULL,
  `price` decimal(8,2) NOT NULL,
  `status` enum('active','inactive') COLLATE utf8mb4_unicode_ci NOT NULL DEFAULT 'active',
  `created_at` timestamp NULL DEFAULT NULL,
  `updated_at` timestamp NULL DEFAULT NULL,
  PRIMARY KEY (`id`)
) ENGINE=InnoDB AUTO_INCREMENT=51 DEFAULT CHARSET=utf8mb4 COLLATE=utf8mb4_unicode_ci;
/*!40101 SET character_set_client = @saved_cs_client */;

--
-- Dumping data for table `shippings`
--

LOCK TABLES `shippings` WRITE;
/*!40000 ALTER TABLE `shippings` DISABLE KEYS */;
INSERT INTO `shippings` VALUES (1,'Phương thức vận chuyển 1',175383.00,'active','2025-09-21 00:11:08','2025-09-21 00:11:08'),(2,'Phương thức vận chuyển 2',60724.00,'active','2025-09-21 00:11:08','2025-09-21 00:11:08'),(3,'Phương thức vận chuyển 3',116913.00,'active','2025-09-21 00:11:08','2025-09-21 00:11:08'),(4,'Phương thức vận chuyển 4',143856.00,'active','2025-09-21 00:11:08','2025-09-21 00:11:08'),(5,'Phương thức vận chuyển 5',141225.00,'active','2025-09-21 00:11:08','2025-09-21 00:11:08'),(6,'Phương thức vận chuyển 6',147704.00,'active','2025-09-21 00:11:08','2025-09-21 00:11:08'),(7,'Phương thức vận chuyển 7',190459.00,'active','2025-09-21 00:11:08','2025-09-21 00:11:08'),(8,'Phương thức vận chuyển 8',198324.00,'active','2025-09-21 00:11:08','2025-09-21 00:11:08'),(9,'Phương thức vận chuyển 9',143747.00,'active','2025-09-21 00:11:08','2025-09-21 00:11:08'),(10,'Phương thức vận chuyển 10',51158.00,'active','2025-09-21 00:11:08','2025-09-21 00:11:08'),(11,'Phương thức vận chuyển 11',169231.00,'active','2025-09-21 00:11:08','2025-09-21 00:11:08'),(12,'Phương thức vận chuyển 12',140214.00,'active','2025-09-21 00:11:08','2025-09-21 00:11:08'),(13,'Phương thức vận chuyển 13',126308.00,'active','2025-09-21 00:11:08','2025-09-21 00:11:08'),(14,'Phương thức vận chuyển 14',53401.00,'active','2025-09-21 00:11:08','2025-09-21 00:11:08'),(15,'Phương thức vận chuyển 15',73785.00,'active','2025-09-21 00:11:08','2025-09-21 00:11:08'),(16,'Phương thức vận chuyển 16',193152.00,'active','2025-09-21 00:11:08','2025-09-21 00:11:08'),(17,'Phương thức vận chuyển 17',108017.00,'active','2025-09-21 00:11:08','2025-09-21 00:11:08'),(18,'Phương thức vận chuyển 18',183785.00,'active','2025-09-21 00:11:08','2025-09-21 00:11:08'),(19,'Phương thức vận chuyển 19',151832.00,'active','2025-09-21 00:11:08','2025-09-21 00:11:08'),(20,'Phương thức vận chuyển 20',66942.00,'active','2025-09-21 00:11:08','2025-09-21 00:11:08'),(21,'Phương thức vận chuyển 21',107199.00,'active','2025-09-21 00:11:08','2025-09-21 00:11:08'),(22,'Phương thức vận chuyển 22',118330.00,'active','2025-09-21 00:11:08','2025-09-21 00:11:08'),(23,'Phương thức vận chuyển 23',146636.00,'active','2025-09-21 00:11:08','2025-09-21 00:11:08'),(24,'Phương thức vận chuyển 24',115350.00,'active','2025-09-21 00:11:08','2025-09-21 00:11:08'),(25,'Phương thức vận chuyển 25',120493.00,'active','2025-09-21 00:11:08','2025-09-21 00:11:08'),(26,'Phương thức vận chuyển 26',114003.00,'active','2025-09-21 00:11:08','2025-09-21 00:11:08'),(27,'Phương thức vận chuyển 27',94482.00,'active','2025-09-21 00:11:08','2025-09-21 00:11:08'),(28,'Phương thức vận chuyển 28',97187.00,'active','2025-09-21 00:11:08','2025-09-21 00:11:08'),(29,'Phương thức vận chuyển 29',114857.00,'active','2025-09-21 00:11:08','2025-09-21 00:11:08'),(30,'Phương thức vận chuyển 30',142030.00,'active','2025-09-21 00:11:08','2025-09-21 00:11:08'),(31,'Phương thức vận chuyển 31',179873.00,'active','2025-09-21 00:11:08','2025-09-21 00:11:08'),(32,'Phương thức vận chuyển 32',113045.00,'active','2025-09-21 00:11:08','2025-09-21 00:11:08'),(33,'Phương thức vận chuyển 33',155484.00,'active','2025-09-21 00:11:08','2025-09-21 00:11:08'),(34,'Phương thức vận chuyển 34',92028.00,'active','2025-09-21 00:11:08','2025-09-21 00:11:08'),(35,'Phương thức vận chuyển 35',61378.00,'active','2025-09-21 00:11:08','2025-09-21 00:11:08'),(36,'Phương thức vận chuyển 36',76177.00,'active','2025-09-21 00:11:08','2025-09-21 00:11:08'),(37,'Phương thức vận chuyển 37',97998.00,'active','2025-09-21 00:11:08','2025-09-21 00:11:08'),(38,'Phương thức vận chuyển 38',97924.00,'active','2025-09-21 00:11:08','2025-09-21 00:11:08'),(39,'Phương thức vận chuyển 39',89869.00,'active','2025-09-21 00:11:08','2025-09-21 00:11:08'),(40,'Phương thức vận chuyển 40',150977.00,'active','2025-09-21 00:11:08','2025-09-21 00:11:08'),(41,'Phương thức vận chuyển 41',85219.00,'active','2025-09-21 00:11:08','2025-09-21 00:11:08'),(42,'Phương thức vận chuyển 42',87383.00,'active','2025-09-21 00:11:08','2025-09-21 00:11:08'),(43,'Phương thức vận chuyển 43',55771.00,'active','2025-09-21 00:11:08','2025-09-21 00:11:08'),(44,'Phương thức vận chuyển 44',183512.00,'active','2025-09-21 00:11:08','2025-09-21 00:11:08'),(45,'Phương thức vận chuyển 45',142135.00,'active','2025-09-21 00:11:08','2025-09-21 00:11:08'),(46,'Phương thức vận chuyển 46',160680.00,'active','2025-09-21 00:11:08','2025-09-21 00:11:08'),(47,'Phương thức vận chuyển 47',121390.00,'active','2025-09-21 00:11:08','2025-09-21 00:11:08'),(48,'Phương thức vận chuyển 48',132138.00,'active','2025-09-21 00:11:08','2025-09-21 00:11:08'),(49,'Phương thức vận chuyển 49',56436.00,'active','2025-09-21 00:11:08','2025-09-21 00:11:08'),(50,'Phương thức vận chuyển 50',188683.00,'active','2025-09-21 00:11:08','2025-09-21 00:11:08');
/*!40000 ALTER TABLE `shippings` ENABLE KEYS */;
UNLOCK TABLES;

--
-- Table structure for table `users`
--

DROP TABLE IF EXISTS `users`;
/*!40101 SET @saved_cs_client     = @@character_set_client */;
/*!50503 SET character_set_client = utf8mb4 */;
CREATE TABLE `users` (
  `id` bigint unsigned NOT NULL AUTO_INCREMENT,
  `name` varchar(191) COLLATE utf8mb4_unicode_ci NOT NULL,
  `email` varchar(191) COLLATE utf8mb4_unicode_ci DEFAULT NULL,
  `email_verified_at` timestamp NULL DEFAULT NULL,
  `password` varchar(191) COLLATE utf8mb4_unicode_ci DEFAULT NULL,
  `photo` varchar(191) COLLATE utf8mb4_unicode_ci DEFAULT NULL,
  `role` enum('admin','user') COLLATE utf8mb4_unicode_ci NOT NULL DEFAULT 'user',
  `provider` varchar(191) COLLATE utf8mb4_unicode_ci DEFAULT NULL,
  `provider_id` varchar(191) COLLATE utf8mb4_unicode_ci DEFAULT NULL,
  `status` enum('active','inactive') COLLATE utf8mb4_unicode_ci NOT NULL DEFAULT 'active',
  `remember_token` varchar(100) COLLATE utf8mb4_unicode_ci DEFAULT NULL,
  `created_at` timestamp NULL DEFAULT NULL,
  `updated_at` timestamp NULL DEFAULT NULL,
  PRIMARY KEY (`id`),
  UNIQUE KEY `users_email_unique` (`email`)
) ENGINE=InnoDB AUTO_INCREMENT=51 DEFAULT CHARSET=utf8mb4 COLLATE=utf8mb4_unicode_ci;
/*!40101 SET character_set_client = @saved_cs_client */;

--
-- Dumping data for table `users`
--

LOCK TABLES `users` WRITE;
/*!40000 ALTER TABLE `users` DISABLE KEYS */;
INSERT INTO `users` VALUES (1,'Quản trị viên','kieukienquocvn@gmail.com',NULL,'$2y$10$VnWgTet1Ah5CCbmjxlSZF.Mo8a.4sc7.0AGL3xBPfHi4W95.VaAnW',NULL,'admin',NULL,NULL,'active',NULL,'2025-09-21 00:11:04','2025-09-21 00:11:04'),(2,'quoc','quoc@gmail.com',NULL,'$2y$10$46CGbJCpnQOvRN6o6dUJ2.BwpgZmH8wMMnZ0uEOZ4HxSo5ATCH2Hi',NULL,'user',NULL,NULL,'active',NULL,'2025-09-21 00:11:04','2025-09-21 00:11:04'),(3,'Người dùng 2','user2@example.com',NULL,'$2y$10$jIczm0anxCAfRav.yUJyEu5Shf5ih6WlLafoTdQCbWF45AsDDb/Jm',NULL,'user',NULL,NULL,'active',NULL,'2025-09-21 00:11:04','2025-09-21 00:11:04'),(4,'Người dùng 3','user3@example.com',NULL,'$2y$10$u6VITpgyS7q56HBtz0rZZOdmbSSLJmpRrWhvJPCpN9JbNFb6yskwC',NULL,'user',NULL,NULL,'active',NULL,'2025-09-21 00:11:04','2025-09-21 00:11:04'),(5,'Người dùng 4','user4@example.com',NULL,'$2y$10$tm1cgAXivVBg55tEGoXyxuTIrDuHVj64N54twVbyNNocSsYFNU7Ha',NULL,'user',NULL,NULL,'active',NULL,'2025-09-21 00:11:04','2025-09-21 00:11:04'),(6,'Người dùng 5','user5@example.com',NULL,'$2y$10$V1yhiFDCPx5DfHs2lcQCluoivtXzfcT7l5UJRD5XsBHvYsQktnv4q',NULL,'user',NULL,NULL,'active',NULL,'2025-09-21 00:11:04','2025-09-21 00:11:04'),(7,'Người dùng 6','user6@example.com',NULL,'$2y$10$TWY3EIaBh68ZX.UX4sxN0uB6g8GEINGOVSZx6Umzt/nFC5caj2JMi',NULL,'user',NULL,NULL,'active',NULL,'2025-09-21 00:11:04','2025-09-21 00:11:04'),(8,'Người dùng 7','user7@example.com',NULL,'$2y$10$dNqbfMBvXkBMa9ZXTYWPF.gvCwKWnTkJSeM2A9OZcnKRfAPeMI.qO',NULL,'user',NULL,NULL,'active',NULL,'2025-09-21 00:11:04','2025-09-21 00:11:04'),(9,'Người dùng 8','user8@example.com',NULL,'$2y$10$J9prcVY5SjxPpfTMtOzxlOe7yvmNKUHmwSZkB8wiR5USOlDENro/i',NULL,'user',NULL,NULL,'active',NULL,'2025-09-21 00:11:04','2025-09-21 00:11:04'),(10,'Người dùng 9','user9@example.com',NULL,'$2y$10$JrWHJXvbnZBMNfXZqe0vu.g/aPRhgxFqVIhLD3TaTAYs8oRxMOU4O',NULL,'user',NULL,NULL,'active',NULL,'2025-09-21 00:11:04','2025-09-21 00:11:04'),(11,'Người dùng 10','user10@example.com',NULL,'$2y$10$URD4xU1hrNYsAlXfhdo2FeeEaGUeIVKf8PEC9sM8ibOXCpNknbIMu',NULL,'user',NULL,NULL,'active',NULL,'2025-09-21 00:11:04','2025-09-21 00:11:04'),(12,'Người dùng 11','user11@example.com',NULL,'$2y$10$/lgN3.l807BYF4VdCg5Ak.X6zqEuP6xu1SP0XJzyB3G6KGNO4mzJO',NULL,'user',NULL,NULL,'active',NULL,'2025-09-21 00:11:04','2025-09-21 00:11:04'),(13,'Người dùng 12','user12@example.com',NULL,'$2y$10$xyEdSSZ9hG2Vk/xQQRyTd.q1V8Yf4aquxkjUL9Run6LXpANiZgox2',NULL,'user',NULL,NULL,'active',NULL,'2025-09-21 00:11:04','2025-09-21 00:11:04'),(14,'Người dùng 13','user13@example.com',NULL,'$2y$10$YNonE9EBqE6cjkCZIkkb4.cduGgrxG92E9JQBkbAwHhFBHh6dlyHe',NULL,'user',NULL,NULL,'active',NULL,'2025-09-21 00:11:04','2025-09-21 00:11:04'),(15,'Người dùng 14','user14@example.com',NULL,'$2y$10$MJTcF.WVUzrsnezNSAuB1.BAdqBQMqwd/LUj7jCbk8Ce.c4a5F51u',NULL,'user',NULL,NULL,'active',NULL,'2025-09-21 00:11:04','2025-09-21 00:11:04'),(16,'Người dùng 15','user15@example.com',NULL,'$2y$10$zwaG/fgH0Q.R.D0Yfco1dOz0EjnX2E4bYShohY1dY7SfnpbLy6gqy',NULL,'user',NULL,NULL,'active',NULL,'2025-09-21 00:11:05','2025-09-21 00:11:05'),(17,'Người dùng 16','user16@example.com',NULL,'$2y$10$WbF5PtK653ux5tVHuY7Ty.VeXIvo0PPwG/Im12C85P8i2LE0hf.ra',NULL,'user',NULL,NULL,'active',NULL,'2025-09-21 00:11:05','2025-09-21 00:11:05'),(18,'Người dùng 17','user17@example.com',NULL,'$2y$10$vhCz85SJGJNv82XkWSPoXewb7iN/hhWgq9gEwqzo3lE0LvMP1slga',NULL,'user',NULL,NULL,'active',NULL,'2025-09-21 00:11:05','2025-09-21 00:11:05'),(19,'Người dùng 18','user18@example.com',NULL,'$2y$10$TuvB.jAl6aDzG180MQ6hwOR8eMLSUAJ.ymor2XbLqZ6ZDr6LELv5W',NULL,'user',NULL,NULL,'active',NULL,'2025-09-21 00:11:05','2025-09-21 00:11:05'),(20,'Người dùng 19','user19@example.com',NULL,'$2y$10$bg3.eP0jAhEW1IhM7tyrvuyFyC/c9./0cewrIbgwc.gettwV3NNQW',NULL,'user',NULL,NULL,'active',NULL,'2025-09-21 00:11:05','2025-09-21 00:11:05'),(21,'Người dùng 20','user20@example.com',NULL,'$2y$10$Xg3mLmncBOHozaIa3VwdNevh0CmR7gtIBKNQJDBoYXpvdJHeZ9Nka',NULL,'user',NULL,NULL,'active',NULL,'2025-09-21 00:11:05','2025-09-21 00:11:05'),(22,'Người dùng 21','user21@example.com',NULL,'$2y$10$Zn7i0yts7BbPQ3Xz9b5IwO0T7vJypa2EO7V15HpFDCipoOHO0QDLi',NULL,'user',NULL,NULL,'active',NULL,'2025-09-21 00:11:05','2025-09-21 00:11:05'),(23,'Người dùng 22','user22@example.com',NULL,'$2y$10$bu.eb6iVfcND/9bsoK4m2u65PopZeDRAC/pjjKOukhTOBmh46vd3G',NULL,'user',NULL,NULL,'active',NULL,'2025-09-21 00:11:05','2025-09-21 00:11:05'),(24,'Người dùng 23','user23@example.com',NULL,'$2y$10$ykoaSKHWgz5KsXqVvau1FOfNn3sRlWqNpF1B1HNfDEeKqF3qTyQgS',NULL,'user',NULL,NULL,'active',NULL,'2025-09-21 00:11:05','2025-09-21 00:11:05'),(25,'Người dùng 24','user24@example.com',NULL,'$2y$10$cux8olbq4QI9f1I77zue8ugNoG1pRYcKOpQGDIcxubhLvjEYfHr0C',NULL,'user',NULL,NULL,'active',NULL,'2025-09-21 00:11:05','2025-09-21 00:11:05'),(26,'Người dùng 25','user25@example.com',NULL,'$2y$10$CoZwUrU41MprFHIAKoMYWuvHb68QkySDjRT..VptbIQCcQeh19QLe',NULL,'user',NULL,NULL,'active',NULL,'2025-09-21 00:11:05','2025-09-21 00:11:05'),(27,'Người dùng 26','user26@example.com',NULL,'$2y$10$Z4Tlahuzlnr1VUF82TFcseMs24uW1i.XLfo0s6gWiXqd5eCz93TRq',NULL,'user',NULL,NULL,'active',NULL,'2025-09-21 00:11:05','2025-09-21 00:11:05'),(28,'Người dùng 27','user27@example.com',NULL,'$2y$10$S7poxOq7JbKR8dZzs/M5pOrDDi.tEzyRIrhXNiOHsUf/TphltgeRO',NULL,'user',NULL,NULL,'active',NULL,'2025-09-21 00:11:05','2025-09-21 00:11:05'),(29,'Người dùng 28','user28@example.com',NULL,'$2y$10$hbQ8X3jG5Jp5PjePCUv14eULFd6sDuwfJVVOX.3vuDwonfOGWUv1y',NULL,'user',NULL,NULL,'active',NULL,'2025-09-21 00:11:05','2025-09-21 00:11:05'),(30,'Người dùng 29','user29@example.com',NULL,'$2y$10$ZQvxRQEnz49lu/EnZS35cesUz9GaaqJglaB.4QRs.pv75DNhSl2Ku',NULL,'user',NULL,NULL,'active',NULL,'2025-09-21 00:11:05','2025-09-21 00:11:05'),(31,'Người dùng 30','user30@example.com',NULL,'$2y$10$fGzhe9DuXbI5xKUGbS2w8eMrxWvOyXT5V812PnGL5X/VOIZfzjQti',NULL,'user',NULL,NULL,'active',NULL,'2025-09-21 00:11:06','2025-09-21 00:11:06'),(32,'Người dùng 31','user31@example.com',NULL,'$2y$10$dNz137qOAq8o4/Rp8rPWdu.MDII2gKqAX5A79Ra9fBpRvrEsY5pz2',NULL,'user',NULL,NULL,'active',NULL,'2025-09-21 00:11:06','2025-09-21 00:11:06'),(33,'Người dùng 32','user32@example.com',NULL,'$2y$10$5BcKtvfFQGx0KSHMtOrlf.ABh4en3C6RCvqSCWJWncCjksZ4REEXS',NULL,'user',NULL,NULL,'active',NULL,'2025-09-21 00:11:06','2025-09-21 00:11:06'),(34,'Người dùng 33','user33@example.com',NULL,'$2y$10$nn63zDroAvMx.knAQeaMkujSLEUidrzZojbkqEAAzTTt0P4Ma70vu',NULL,'user',NULL,NULL,'active',NULL,'2025-09-21 00:11:06','2025-09-21 00:11:06'),(35,'Người dùng 34','user34@example.com',NULL,'$2y$10$XOqEyTZRgyZHb9KLGsCq/ejm9tQ9/0avXPsEsDuuKO3IWUTntp692',NULL,'user',NULL,NULL,'active',NULL,'2025-09-21 00:11:06','2025-09-21 00:11:06'),(36,'Người dùng 35','user35@example.com',NULL,'$2y$10$XnB94b/ESgGB72dir/sBc.358soApHMdXBk3ndNSxDNlQ0wfgSpv6',NULL,'user',NULL,NULL,'active',NULL,'2025-09-21 00:11:06','2025-09-21 00:11:06'),(37,'Người dùng 36','user36@example.com',NULL,'$2y$10$TXsq.UKb1QcPxG.6reUWF.Wz.CoF.n95cJyMtJFFoWb9WFm.D6yd6',NULL,'user',NULL,NULL,'active',NULL,'2025-09-21 00:11:06','2025-09-21 00:11:06'),(38,'Người dùng 37','user37@example.com',NULL,'$2y$10$Ec0bVFKG/PTNoti.576CbOCTu147NH.hj.gIog8v.gmh1Oavz/xn.',NULL,'user',NULL,NULL,'active',NULL,'2025-09-21 00:11:06','2025-09-21 00:11:06'),(39,'Người dùng 38','user38@example.com',NULL,'$2y$10$/LoSAQ/uBk7NBRdv4UT0IOKeYicmIKizsSiKozfA0iym7H0HdQnZW',NULL,'user',NULL,NULL,'active',NULL,'2025-09-21 00:11:06','2025-09-21 00:11:06'),(40,'Người dùng 39','user39@example.com',NULL,'$2y$10$JJ/jlKi8i8TyQBWfDYXt3.UXdulvYJ0NAlYvspX0/6UDYXC7E4Lxu',NULL,'user',NULL,NULL,'active',NULL,'2025-09-21 00:11:06','2025-09-21 00:11:06'),(41,'Người dùng 40','user40@example.com',NULL,'$2y$10$gqFEDUf4SQuRu5fvbOvO2e7dir.ycNOkdJNMacuR4MrbmHiBAVu7i',NULL,'user',NULL,NULL,'active',NULL,'2025-09-21 00:11:06','2025-09-21 00:11:06'),(42,'Người dùng 41','user41@example.com',NULL,'$2y$10$qo8tRSXhGyGa3XWbYk0KEejhfrYLURn37f8Hlrkad5tvUg28RcBdW',NULL,'user',NULL,NULL,'active',NULL,'2025-09-21 00:11:06','2025-09-21 00:11:06'),(43,'Người dùng 42','user42@example.com',NULL,'$2y$10$U8x7V6OKQcxT6ZejKtYnyeaz.CTorfuutBgwltkOeYSeiLaWTJKP.',NULL,'user',NULL,NULL,'active',NULL,'2025-09-21 00:11:06','2025-09-21 00:11:06'),(44,'Người dùng 43','user43@example.com',NULL,'$2y$10$LhJy2EQ04J9IV6yl6gUgauj6x6cwkh5rz6FUmPHN9xXsOsV24iFnG',NULL,'user',NULL,NULL,'active',NULL,'2025-09-21 00:11:06','2025-09-21 00:11:06'),(45,'Người dùng 44','user44@example.com',NULL,'$2y$10$vbXfKIIdQ9GKC34PcahVFe7pMcmkjuirOCvOHwjPMQxzK7iL5rR2i',NULL,'user',NULL,NULL,'active',NULL,'2025-09-21 00:11:06','2025-09-21 00:11:06'),(46,'Người dùng 45','user45@example.com',NULL,'$2y$10$RsCaPA8R7SLZefsGa2.ZtO27H6Nnu0x0iJE9vY5.lVvBCefV9coZm',NULL,'user',NULL,NULL,'active',NULL,'2025-09-21 00:11:06','2025-09-21 00:11:06'),(47,'Người dùng 46','user46@example.com',NULL,'$2y$10$Rke5TZ56SymL6fPnjSDiKutm.HN5yVbOI0eWPWqj8gw0.QjtoVb4O',NULL,'user',NULL,NULL,'active',NULL,'2025-09-21 00:11:06','2025-09-21 00:11:06'),(48,'Người dùng 47','user47@example.com',NULL,'$2y$10$TOg510ndJTW40UeoIX5Oduajt.3BiAu6amzDp8Y1HY04Qt3LcaRve',NULL,'user',NULL,NULL,'active',NULL,'2025-09-21 00:11:07','2025-09-21 00:11:07'),(49,'Người dùng 48','user48@example.com',NULL,'$2y$10$YYPh/NvNtKtDLkZAsRmf1.ryWIInUGSTCJ/4vXLDq0XFJC3RpHzoG',NULL,'user',NULL,NULL,'active',NULL,'2025-09-21 00:11:07','2025-09-21 00:11:07'),(50,'Người dùng 49','user49@example.com',NULL,'$2y$10$AyTaa8wdpR7N6Z6xX8fueOUFHMvWYg.bjErDRRBG0aidR7HLbMvay',NULL,'user',NULL,NULL,'active',NULL,'2025-09-21 00:11:07','2025-09-21 00:11:07');
/*!40000 ALTER TABLE `users` ENABLE KEYS */;
UNLOCK TABLES;

--
-- Table structure for table `wishlists`
--

DROP TABLE IF EXISTS `wishlists`;
/*!40101 SET @saved_cs_client     = @@character_set_client */;
/*!50503 SET character_set_client = utf8mb4 */;
CREATE TABLE `wishlists` (
  `id` bigint unsigned NOT NULL AUTO_INCREMENT,
  `product_id` bigint unsigned NOT NULL,
  `cart_id` bigint unsigned DEFAULT NULL,
  `user_id` bigint unsigned DEFAULT NULL,
  `price` decimal(15,2) unsigned NOT NULL,
  `quantity` int NOT NULL,
  `amount` decimal(15,2) unsigned NOT NULL,
  `created_at` timestamp NULL DEFAULT NULL,
  `updated_at` timestamp NULL DEFAULT NULL,
  PRIMARY KEY (`id`),
  KEY `wishlists_product_id_foreign` (`product_id`),
  KEY `wishlists_user_id_foreign` (`user_id`),
  KEY `wishlists_cart_id_foreign` (`cart_id`),
  CONSTRAINT `wishlists_cart_id_foreign` FOREIGN KEY (`cart_id`) REFERENCES `carts` (`id`) ON DELETE SET NULL,
  CONSTRAINT `wishlists_product_id_foreign` FOREIGN KEY (`product_id`) REFERENCES `products` (`id`) ON DELETE CASCADE,
  CONSTRAINT `wishlists_user_id_foreign` FOREIGN KEY (`user_id`) REFERENCES `users` (`id`) ON DELETE SET NULL
) ENGINE=InnoDB AUTO_INCREMENT=51 DEFAULT CHARSET=utf8mb4 COLLATE=utf8mb4_unicode_ci;
/*!40101 SET character_set_client = @saved_cs_client */;

--
-- Dumping data for table `wishlists`
--

LOCK TABLES `wishlists` WRITE;
/*!40000 ALTER TABLE `wishlists` DISABLE KEYS */;
INSERT INTO `wishlists` VALUES (1,23,NULL,10,319694.00,3,959082.00,'2025-09-21 00:11:11','2025-09-21 00:11:11'),(2,50,17,24,1078451.00,3,3235353.00,'2025-09-21 00:11:11','2025-09-21 00:11:11'),(3,12,15,38,4657481.00,3,13972443.00,'2025-09-21 00:11:11','2025-09-21 00:11:11'),(4,16,NULL,46,6117398.00,4,24469592.00,'2025-09-21 00:11:11','2025-09-21 00:11:11'),(5,38,491,3,9928240.00,2,19856480.00,'2025-09-21 00:11:11','2025-09-21 00:11:11'),(6,26,NULL,7,8435907.00,5,42179535.00,'2025-09-21 00:11:11','2025-09-21 00:11:11'),(7,19,NULL,50,6525684.00,2,13051368.00,'2025-09-21 00:11:11','2025-09-21 00:11:11'),(8,6,65,20,459568.00,2,919136.00,'2025-09-21 00:11:11','2025-09-21 00:11:11'),(9,26,434,35,8435907.00,2,16871814.00,'2025-09-21 00:11:11','2025-09-21 00:11:11'),(10,35,29,45,4041279.00,3,12123837.00,'2025-09-21 00:11:11','2025-09-21 00:11:11'),(11,40,NULL,2,1422831.00,4,5691324.00,'2025-09-21 00:11:11','2025-09-21 00:11:11'),(12,28,317,10,3994195.00,2,7988390.00,'2025-09-21 00:11:11','2025-09-21 00:11:11'),(13,24,143,50,6302917.00,5,31514585.00,'2025-09-21 00:11:11','2025-09-21 00:11:11'),(14,48,360,11,4985928.00,1,4985928.00,'2025-09-21 00:11:11','2025-09-21 00:11:11'),(15,33,155,42,5077836.00,3,15233508.00,'2025-09-21 00:11:11','2025-09-21 00:11:11'),(16,8,330,30,6258124.00,4,25032496.00,'2025-09-21 00:11:11','2025-09-21 00:11:11'),(17,31,NULL,21,2160331.00,5,10801655.00,'2025-09-21 00:11:11','2025-09-21 00:11:11'),(18,2,NULL,6,8208058.00,2,16416116.00,'2025-09-21 00:11:11','2025-09-21 00:11:11'),(19,44,NULL,18,2818351.00,4,11273404.00,'2025-09-21 00:11:11','2025-09-21 00:11:11'),(20,12,19,15,4657481.00,3,13972443.00,'2025-09-21 00:11:11','2025-09-21 00:11:11'),(21,45,NULL,10,8244106.00,2,16488212.00,'2025-09-21 00:11:11','2025-09-21 00:11:11'),(22,3,34,15,9442739.00,3,28328217.00,'2025-09-21 00:11:11','2025-09-21 00:11:11'),(23,5,NULL,23,9417365.00,1,9417365.00,'2025-09-21 00:11:11','2025-09-21 00:11:11'),(24,45,NULL,49,8244106.00,3,24732318.00,'2025-09-21 00:11:11','2025-09-21 00:11:11'),(25,38,NULL,35,9928240.00,4,39712960.00,'2025-09-21 00:11:11','2025-09-21 00:11:11'),(26,8,340,47,6258124.00,5,31290620.00,'2025-09-21 00:11:11','2025-09-21 00:11:11'),(27,35,245,28,4041279.00,5,20206395.00,'2025-09-21 00:11:11','2025-09-21 00:11:11'),(28,20,NULL,41,166349.00,4,665396.00,'2025-09-21 00:11:11','2025-09-21 00:11:11'),(29,12,NULL,2,4657481.00,2,9314962.00,'2025-09-21 00:11:11','2025-09-21 00:11:11'),(30,6,NULL,27,459568.00,3,1378704.00,'2025-09-21 00:11:11','2025-09-21 00:11:11'),(31,20,166,28,166349.00,3,499047.00,'2025-09-21 00:11:11','2025-09-21 00:11:11'),(32,24,157,15,6302917.00,4,25211668.00,'2025-09-21 00:11:11','2025-09-21 00:11:11'),(33,7,349,42,885134.00,3,2655402.00,'2025-09-21 00:11:11','2025-09-21 00:11:11'),(34,21,389,12,3956525.00,2,7913050.00,'2025-09-21 00:11:11','2025-09-21 00:11:11'),(35,47,212,28,166940.00,2,333880.00,'2025-09-21 00:11:11','2025-09-21 00:11:11'),(36,18,NULL,5,5342585.00,3,16027755.00,'2025-09-21 00:11:11','2025-09-21 00:11:11'),(37,16,NULL,31,6117398.00,4,24469592.00,'2025-09-21 00:11:11','2025-09-21 00:11:11'),(38,39,NULL,9,5669825.00,5,28349125.00,'2025-09-21 00:11:11','2025-09-21 00:11:11'),(39,32,NULL,25,2096285.00,1,2096285.00,'2025-09-21 00:11:11','2025-09-21 00:11:11'),(40,43,NULL,49,6687291.00,4,26749164.00,'2025-09-21 00:11:11','2025-09-21 00:11:11'),(41,2,408,18,8208058.00,4,32832232.00,'2025-09-21 00:11:11','2025-09-21 00:11:11'),(42,17,14,34,6805547.00,2,13611094.00,'2025-09-21 00:11:11','2025-09-21 00:11:11'),(43,11,364,44,6257091.00,1,6257091.00,'2025-09-21 00:11:11','2025-09-21 00:11:11'),(44,39,442,10,5669825.00,4,22679300.00,'2025-09-21 00:11:11','2025-09-21 00:11:11'),(45,28,315,49,3994195.00,2,7988390.00,'2025-09-21 00:11:11','2025-09-21 00:11:11'),(46,40,NULL,2,1422831.00,3,4268493.00,'2025-09-21 00:11:11','2025-09-21 00:11:11'),(47,40,NULL,40,1422831.00,1,1422831.00,'2025-09-21 00:11:11','2025-09-21 00:11:11'),(48,41,286,27,3422277.00,5,17111385.00,'2025-09-21 00:11:11','2025-09-21 00:11:11'),(49,15,NULL,11,586860.00,3,1760580.00,'2025-09-21 00:11:11','2025-09-21 00:11:11'),(50,48,NULL,4,4985928.00,3,14957784.00,'2025-09-21 00:11:11','2025-09-21 00:11:11');
/*!40000 ALTER TABLE `wishlists` ENABLE KEYS */;
UNLOCK TABLES;
/*!40103 SET TIME_ZONE=@OLD_TIME_ZONE */;

/*!40101 SET SQL_MODE=@OLD_SQL_MODE */;
/*!40014 SET FOREIGN_KEY_CHECKS=@OLD_FOREIGN_KEY_CHECKS */;
/*!40014 SET UNIQUE_CHECKS=@OLD_UNIQUE_CHECKS */;
/*!40101 SET CHARACTER_SET_CLIENT=@OLD_CHARACTER_SET_CLIENT */;
/*!40101 SET CHARACTER_SET_RESULTS=@OLD_CHARACTER_SET_RESULTS */;
/*!40101 SET COLLATION_CONNECTION=@OLD_COLLATION_CONNECTION */;
/*!40111 SET SQL_NOTES=@OLD_SQL_NOTES */;

-- Dump completed on 2025-09-22 14:48:33
